local_index,orig_index,label,pred,correct
0,0,0,4,0
1,1,0,4,0
2,2,0,4,0
3,3,0,4,0
4,4,0,4,0
5,5,0,4,0
6,6,0,4,0
7,7,0,4,0
8,8,0,4,0
9,9,0,4,0
10,10,0,4,0
11,11,0,4,0
12,12,0,4,0
13,13,0,4,0
14,14,0,4,0
15,15,0,4,0
16,16,0,4,0
17,17,0,4,0
18,18,0,4,0
19,19,0,4,0
20,20,0,4,0
21,21,0,4,0
22,22,0,4,0
23,23,0,4,0
24,24,0,4,0
25,25,0,4,0
26,26,0,4,0
27,27,0,4,0
28,28,0,4,0
29,29,0,4,0
30,30,0,4,0
31,31,0,4,0
32,32,0,4,0
33,33,0,4,0
34,34,0,4,0
35,35,0,4,0
36,36,0,4,0
37,37,0,4,0
38,38,0,4,0
39,39,0,4,0
40,40,0,4,0
41,41,0,4,0
42,42,0,4,0
43,43,0,4,0
44,44,0,4,0
45,45,0,4,0
46,46,0,4,0
47,47,0,4,0
48,48,0,4,0
49,49,0,4,0
50,50,0,4,0
51,51,0,4,0
52,52,0,4,0
53,53,0,4,0
54,54,0,4,0
55,55,0,4,0
56,56,0,4,0
57,57,0,4,0
58,58,0,4,0
59,59,0,4,0
60,60,0,4,0
61,61,0,4,0
62,62,0,4,0
63,63,0,4,0
64,64,0,4,0
65,65,0,4,0
66,66,0,4,0
67,67,0,4,0
68,68,0,4,0
69,69,0,4,0
70,70,0,4,0
71,71,0,4,0
72,72,0,4,0
73,73,0,4,0
74,74,0,4,0
75,75,0,4,0
76,76,0,4,0
77,77,0,4,0
78,78,0,4,0
79,79,0,4,0
80,80,0,4,0
81,81,0,4,0
82,82,0,4,0
83,83,0,4,0
84,84,0,4,0
85,85,0,4,0
86,86,0,4,0
87,87,0,4,0
88,88,0,4,0
89,89,0,4,0
90,90,0,4,0
91,91,0,4,0
92,92,0,4,0
93,93,0,4,0
94,94,0,4,0
95,95,0,4,0
96,96,0,4,0
97,97,0,4,0
98,98,0,4,0
99,99,0,4,0
100,100,0,4,0
101,101,0,4,0
102,102,0,4,0
103,103,0,4,0
104,104,0,4,0
105,105,0,4,0
106,106,0,4,0
107,107,0,4,0
108,108,0,4,0
109,109,0,4,0
110,110,0,4,0
111,111,0,4,0
112,112,0,4,0
113,113,0,4,0
114,114,0,4,0
115,115,0,4,0
116,116,0,4,0
117,117,0,4,0
118,118,0,4,0
119,119,0,4,0
120,120,0,4,0
121,121,0,4,0
122,122,0,4,0
123,123,0,4,0
124,124,0,4,0
125,125,0,4,0
126,126,0,4,0
127,127,0,4,0
128,128,0,4,0
129,129,0,4,0
130,130,0,4,0
131,131,0,4,0
132,132,0,4,0
133,133,0,4,0
134,134,0,4,0
135,135,0,4,0
136,136,0,4,0
137,137,0,4,0
138,138,0,4,0
139,139,0,4,0
140,140,0,4,0
141,141,0,4,0
142,142,0,4,0
143,143,0,4,0
144,144,0,4,0
145,145,0,4,0
146,146,0,4,0
147,147,0,4,0
148,148,0,4,0
149,149,0,4,0
150,150,0,4,0
151,151,0,4,0
152,152,0,4,0
153,153,0,4,0
154,154,0,4,0
155,155,0,4,0
156,156,0,4,0
157,157,0,4,0
158,158,0,4,0
159,159,0,4,0
160,160,0,4,0
161,161,0,4,0
162,162,0,4,0
163,163,0,4,0
164,164,0,4,0
165,165,0,4,0
166,166,0,4,0
167,167,0,4,0
168,168,0,4,0
169,169,0,4,0
170,170,0,4,0
171,171,0,4,0
172,172,0,4,0
173,173,0,4,0
174,174,0,4,0
175,175,0,4,0
176,176,0,4,0
177,177,0,4,0
178,178,0,4,0
179,179,0,4,0
180,180,0,4,0
181,181,0,4,0
182,182,0,4,0
183,183,0,4,0
184,184,0,4,0
185,185,0,4,0
186,186,0,4,0
187,187,0,4,0
188,188,0,4,0
189,189,0,4,0
190,190,0,4,0
191,191,0,4,0
192,192,0,4,0
193,193,0,4,0
194,194,0,4,0
195,195,0,4,0
196,196,0,4,0
197,197,0,4,0
198,198,0,4,0
199,199,0,4,0
200,200,0,4,0
201,201,0,4,0
202,202,0,4,0
203,203,0,4,0
204,204,0,4,0
205,205,0,4,0
206,206,0,4,0
207,207,0,4,0
208,208,0,4,0
209,209,0,4,0
210,210,0,4,0
211,211,0,4,0
212,212,0,4,0
213,213,0,4,0
214,214,0,4,0
215,215,0,4,0
216,216,0,4,0
217,217,0,4,0
218,218,0,4,0
219,219,0,4,0
220,220,0,4,0
221,221,0,4,0
222,222,0,4,0
223,223,0,4,0
224,224,0,4,0
225,225,0,4,0
226,226,0,4,0
227,227,0,4,0
228,228,0,4,0
229,229,0,4,0
230,230,0,4,0
231,231,0,4,0
232,232,0,4,0
233,233,0,4,0
234,234,0,4,0
235,235,0,4,0
236,236,0,4,0
237,237,0,4,0
238,238,0,4,0
239,239,0,4,0
240,240,0,4,0
241,241,0,4,0
242,242,0,4,0
243,243,0,4,0
244,244,0,4,0
245,245,0,4,0
246,246,0,4,0
247,247,0,4,0
248,248,0,4,0
249,249,0,4,0
250,250,0,4,0
251,251,0,4,0
252,252,0,4,0
253,253,0,4,0
254,254,0,4,0
255,255,0,4,0
256,256,0,4,0
257,257,0,4,0
258,258,0,4,0
259,259,0,4,0
260,260,0,4,0
261,261,0,4,0
262,262,0,4,0
263,263,0,4,0
264,264,0,4,0
265,265,0,4,0
266,266,0,4,0
267,267,0,4,0
268,268,0,4,0
269,269,0,4,0
270,270,0,4,0
271,271,0,4,0
272,272,0,4,0
273,273,0,4,0
274,274,0,4,0
275,275,0,4,0
276,276,0,4,0
277,277,0,4,0
278,278,0,4,0
279,279,0,4,0
280,280,0,4,0
281,281,0,4,0
282,282,0,4,0
283,283,0,4,0
284,284,0,4,0
285,285,0,4,0
286,286,0,4,0
287,287,0,4,0
288,288,0,4,0
289,289,0,4,0
290,290,0,4,0
291,291,0,4,0
292,292,0,4,0
293,293,0,4,0
294,294,0,4,0
295,295,0,4,0
296,296,0,4,0
297,297,0,4,0
298,298,0,4,0
299,299,0,4,0
300,300,0,4,0
301,301,0,4,0
302,302,0,4,0
303,303,0,4,0
304,304,0,4,0
305,305,0,4,0
306,306,0,4,0
307,307,0,4,0
308,308,0,4,0
309,309,0,4,0
310,310,0,4,0
311,311,0,4,0
312,312,0,4,0
313,313,0,4,0
314,314,0,4,0
315,315,0,4,0
316,316,0,4,0
317,317,0,4,0
318,318,0,4,0
319,319,0,4,0
320,320,0,4,0
321,321,0,4,0
322,322,0,4,0
323,323,0,4,0
324,324,0,4,0
325,325,0,4,0
326,326,0,4,0
327,327,0,4,0
328,328,0,4,0
329,329,0,4,0
330,330,0,4,0
331,331,0,4,0
332,332,0,4,0
333,333,0,4,0
334,334,0,4,0
335,335,0,4,0
336,336,0,4,0
337,337,0,4,0
338,338,0,4,0
339,339,0,4,0
340,340,0,4,0
341,341,0,4,0
342,342,0,4,0
343,343,0,4,0
344,344,0,4,0
345,345,0,4,0
346,346,0,4,0
347,347,0,4,0
348,348,0,4,0
349,349,0,4,0
350,350,0,4,0
351,351,0,4,0
352,352,0,4,0
353,353,0,4,0
354,354,0,4,0
355,355,0,4,0
356,356,0,4,0
357,357,0,4,0
358,358,0,4,0
359,359,0,4,0
360,360,0,4,0
361,361,0,4,0
362,362,0,4,0
363,363,0,4,0
364,364,0,4,0
365,365,0,4,0
366,366,0,4,0
367,367,0,4,0
368,368,0,4,0
369,369,0,4,0
370,370,0,4,0
371,371,0,4,0
372,372,0,4,0
373,373,0,4,0
374,374,0,4,0
375,375,0,4,0
376,376,0,4,0
377,377,0,4,0
378,378,0,4,0
379,379,0,4,0
380,380,0,4,0
381,381,0,4,0
382,382,0,4,0
383,383,0,4,0
384,384,0,4,0
385,385,0,4,0
386,386,0,4,0
387,387,0,4,0
388,388,0,4,0
389,389,0,4,0
390,390,0,4,0
391,391,0,4,0
392,392,0,4,0
393,393,0,4,0
394,394,0,4,0
395,395,0,4,0
396,396,0,4,0
397,397,0,4,0
398,398,0,4,0
399,399,0,4,0
400,400,0,4,0
401,401,0,4,0
402,402,0,4,0
403,403,0,4,0
404,404,0,4,0
405,405,0,4,0
406,406,0,4,0
407,407,0,4,0
408,408,0,4,0
409,409,0,4,0
410,410,0,4,0
411,411,0,4,0
412,412,0,4,0
413,413,0,4,0
414,414,0,4,0
415,415,0,4,0
416,416,0,4,0
417,417,0,4,0
418,418,0,4,0
419,419,0,4,0
420,420,0,4,0
421,421,0,4,0
422,422,0,4,0
423,423,0,4,0
424,424,0,4,0
425,425,0,4,0
426,426,0,4,0
427,427,0,4,0
428,428,0,4,0
429,429,0,4,0
430,430,0,4,0
431,431,0,4,0
432,432,0,4,0
433,433,0,4,0
434,434,0,4,0
435,435,0,4,0
436,436,0,4,0
437,437,0,4,0
438,438,0,4,0
439,439,0,4,0
440,440,0,4,0
441,441,0,4,0
442,442,0,4,0
443,443,0,4,0
444,444,0,4,0
445,445,0,4,0
446,446,0,4,0
447,447,0,4,0
448,448,0,4,0
449,449,0,4,0
450,450,0,4,0
451,451,0,4,0
452,452,0,4,0
453,453,0,4,0
454,454,0,4,0
455,455,0,4,0
456,456,0,4,0
457,457,0,4,0
458,458,0,4,0
459,459,0,4,0
460,460,0,4,0
461,461,0,4,0
462,462,0,4,0
463,463,0,4,0
464,464,0,4,0
465,465,0,4,0
466,466,0,4,0
467,467,0,4,0
468,468,0,4,0
469,469,0,4,0
470,470,0,4,0
471,471,0,4,0
472,472,0,4,0
473,473,0,4,0
474,474,0,4,0
475,475,0,4,0
476,476,0,4,0
477,477,0,4,0
478,478,0,4,0
479,479,0,4,0
480,480,0,4,0
481,481,0,4,0
482,482,0,4,0
483,483,0,4,0
484,484,0,4,0
485,485,0,4,0
486,486,0,4,0
487,487,0,4,0
488,488,0,4,0
489,489,0,4,0
490,490,0,4,0
491,491,0,4,0
492,492,0,4,0
493,493,0,4,0
494,494,0,4,0
495,495,0,4,0
496,496,0,4,0
497,497,0,4,0
498,498,0,4,0
499,499,0,4,0
500,500,0,4,0
501,501,0,4,0
502,502,0,4,0
503,503,0,4,0
504,504,0,4,0
505,505,0,4,0
506,506,0,4,0
507,507,0,4,0
508,508,0,4,0
509,509,0,4,0
510,510,0,4,0
511,511,0,4,0
512,512,0,4,0
513,513,0,4,0
514,514,0,4,0
515,515,0,4,0
516,516,0,4,0
517,517,0,4,0
518,518,0,4,0
519,519,0,4,0
520,520,0,4,0
521,521,0,4,0
522,522,0,4,0
523,523,0,4,0
524,524,0,4,0
525,525,0,4,0
526,526,0,4,0
527,527,0,4,0
528,528,0,4,0
529,529,0,4,0
530,530,0,4,0
531,531,0,4,0
532,532,0,4,0
533,533,0,4,0
534,534,0,4,0
535,535,0,4,0
536,536,0,4,0
537,537,0,4,0
538,538,0,4,0
539,539,0,4,0
540,540,0,4,0
541,541,0,4,0
542,542,0,4,0
543,543,0,4,0
544,544,0,4,0
545,545,0,4,0
546,546,0,4,0
547,547,0,4,0
548,548,0,4,0
549,549,0,4,0
550,550,0,4,0
551,551,0,4,0
552,552,0,4,0
553,553,0,4,0
554,554,0,4,0
555,555,0,4,0
556,556,0,4,0
557,557,0,4,0
558,558,0,4,0
559,559,0,4,0
560,560,0,4,0
561,561,0,4,0
562,562,0,4,0
563,563,0,4,0
564,564,0,4,0
565,565,0,4,0
566,566,0,4,0
567,567,0,4,0
568,568,0,4,0
569,569,0,4,0
570,570,0,4,0
571,571,0,4,0
572,572,0,4,0
573,573,0,4,0
574,574,0,4,0
575,575,0,4,0
576,576,0,4,0
577,577,0,4,0
578,578,0,4,0
579,579,0,4,0
580,580,0,4,0
581,581,0,4,0
582,582,0,4,0
583,583,0,4,0
584,584,0,4,0
585,585,0,4,0
586,586,0,4,0
587,587,0,4,0
588,588,0,4,0
589,589,0,4,0
590,590,0,4,0
591,591,0,4,0
592,592,0,4,0
593,593,0,4,0
594,594,0,4,0
595,595,0,4,0
596,596,0,4,0
597,597,0,4,0
598,598,0,4,0
599,599,0,4,0
600,600,0,4,0
601,601,0,4,0
602,602,0,4,0
603,603,0,4,0
604,604,0,4,0
605,605,0,4,0
606,606,0,4,0
607,607,0,4,0
608,608,0,4,0
609,609,0,4,0
610,610,0,4,0
611,611,0,4,0
612,612,0,4,0
613,613,0,4,0
614,614,0,4,0
615,615,0,4,0
616,616,0,4,0
617,617,0,4,0
618,618,0,4,0
619,619,0,4,0
620,620,0,4,0
621,621,0,4,0
622,622,0,4,0
623,623,0,4,0
624,624,0,4,0
625,625,0,4,0
626,626,0,4,0
627,627,0,4,0
628,628,0,4,0
629,629,0,4,0
630,630,0,4,0
631,631,0,4,0
632,632,0,4,0
633,633,0,4,0
634,634,0,4,0
635,635,0,4,0
636,636,0,4,0
637,637,0,4,0
638,638,0,4,0
639,639,0,4,0
640,640,0,4,0
641,641,0,4,0
642,642,0,4,0
643,643,0,4,0
644,644,0,4,0
645,645,0,4,0
646,646,0,4,0
647,647,0,4,0
648,648,0,4,0
649,649,0,4,0
650,650,0,4,0
651,651,0,4,0
652,652,0,4,0
653,653,0,4,0
654,654,0,4,0
655,655,0,4,0
656,656,0,4,0
657,657,0,4,0
658,658,0,4,0
659,659,0,4,0
660,660,0,4,0
661,661,0,4,0
662,662,0,4,0
663,663,0,4,0
664,664,0,4,0
665,665,0,4,0
666,666,0,4,0
667,667,0,4,0
668,668,0,4,0
669,669,0,4,0
670,670,0,4,0
671,671,0,4,0
672,672,0,4,0
673,673,0,4,0
674,674,0,4,0
675,675,0,4,0
676,676,0,4,0
677,677,0,4,0
678,678,0,4,0
679,679,0,4,0
680,680,0,4,0
681,681,0,4,0
682,682,0,4,0
683,683,0,4,0
684,684,0,4,0
685,685,0,4,0
686,686,0,4,0
687,687,0,4,0
688,688,0,4,0
689,689,0,4,0
690,690,0,4,0
691,691,0,4,0
692,692,0,4,0
693,693,0,4,0
694,694,0,4,0
695,695,0,4,0
696,696,0,4,0
697,697,0,4,0
698,698,0,4,0
699,699,0,4,0
700,700,0,4,0
701,701,0,4,0
702,702,0,4,0
703,703,0,4,0
704,704,0,4,0
705,705,0,4,0
706,706,0,4,0
707,707,0,4,0
708,708,0,4,0
709,709,0,4,0
710,710,0,4,0
711,711,0,4,0
712,712,0,4,0
713,713,0,4,0
714,714,0,4,0
715,715,0,4,0
716,716,0,4,0
717,717,0,4,0
718,718,0,4,0
719,719,0,4,0
720,720,0,4,0
721,721,0,4,0
722,722,0,4,0
723,723,0,4,0
724,724,0,4,0
725,725,0,4,0
726,726,0,4,0
727,727,0,4,0
728,728,0,4,0
729,729,0,4,0
730,730,0,4,0
731,731,0,4,0
732,732,0,4,0
733,733,0,4,0
734,734,0,4,0
735,735,0,4,0
736,736,0,4,0
737,737,0,4,0
738,738,0,4,0
739,739,0,4,0
740,740,0,4,0
741,741,0,4,0
742,742,0,4,0
743,743,0,4,0
744,744,0,4,0
745,745,0,4,0
746,746,0,4,0
747,747,0,4,0
748,748,0,4,0
749,749,0,4,0
750,750,0,4,0
751,751,0,4,0
752,752,0,4,0
753,753,0,4,0
754,754,0,4,0
755,755,0,4,0
756,756,0,4,0
757,757,0,4,0
758,758,0,4,0
759,759,0,4,0
760,760,0,4,0
761,761,0,4,0
762,762,0,4,0
763,763,0,4,0
764,764,0,4,0
765,765,0,4,0
766,766,0,4,0
767,767,0,4,0
768,768,0,4,0
769,769,0,4,0
770,770,0,4,0
771,771,0,4,0
772,772,0,4,0
773,773,0,4,0
774,774,0,4,0
775,775,0,4,0
776,776,0,4,0
777,777,0,4,0
778,778,0,4,0
779,779,0,4,0
780,780,0,4,0
781,781,0,4,0
782,782,0,4,0
783,783,0,4,0
784,784,0,4,0
785,785,0,4,0
786,786,0,4,0
787,787,0,4,0
788,788,0,4,0
789,789,0,4,0
790,790,0,4,0
791,791,0,4,0
792,792,0,4,0
793,793,0,4,0
794,794,0,4,0
795,795,0,4,0
796,796,0,4,0
797,797,0,4,0
798,798,0,4,0
799,799,0,4,0
800,800,0,4,0
801,801,0,4,0
802,802,0,4,0
803,803,0,4,0
804,804,0,4,0
805,805,0,4,0
806,806,0,4,0
807,807,0,4,0
808,808,0,4,0
809,809,0,4,0
810,810,0,4,0
811,811,0,4,0
812,812,0,4,0
813,813,0,4,0
814,814,0,4,0
815,815,0,4,0
816,816,0,4,0
817,817,0,4,0
818,818,0,4,0
819,819,0,4,0
820,820,0,4,0
821,821,0,4,0
822,822,0,4,0
823,823,0,4,0
824,824,0,4,0
825,825,0,4,0
826,826,0,4,0
827,827,0,4,0
828,828,0,4,0
829,829,0,4,0
830,830,0,4,0
831,831,0,4,0
832,832,0,4,0
833,833,0,4,0
834,834,0,4,0
835,835,0,4,0
836,836,0,4,0
837,837,0,4,0
838,838,0,4,0
839,839,0,4,0
840,840,0,4,0
841,841,0,4,0
842,842,0,4,0
843,843,0,4,0
844,844,0,4,0
845,845,0,4,0
846,846,0,4,0
847,847,0,4,0
848,848,0,4,0
849,849,0,4,0
850,850,0,4,0
851,851,0,4,0
852,852,0,4,0
853,853,0,4,0
854,854,0,4,0
855,855,0,4,0
856,856,0,4,0
857,857,0,4,0
858,858,0,4,0
859,859,0,4,0
860,860,0,4,0
861,861,0,4,0
862,862,0,4,0
863,863,0,4,0
864,864,0,4,0
865,865,0,4,0
866,866,0,4,0
867,867,0,4,0
868,868,0,4,0
869,869,0,4,0
870,870,0,4,0
871,871,0,4,0
872,872,0,4,0
873,873,0,4,0
874,874,0,4,0
875,875,0,4,0
876,876,0,4,0
877,877,0,4,0
878,878,0,4,0
879,879,0,4,0
880,880,0,4,0
881,881,0,4,0
882,882,0,4,0
883,883,0,4,0
884,884,0,4,0
885,885,0,4,0
886,886,0,4,0
887,887,0,4,0
888,888,0,4,0
889,889,0,4,0
890,890,0,4,0
891,891,0,4,0
892,892,0,4,0
893,893,0,4,0
894,894,0,4,0
895,895,0,4,0
896,896,0,4,0
897,897,0,4,0
898,898,0,4,0
899,899,0,4,0
900,900,0,4,0
901,901,0,4,0
902,902,0,4,0
903,903,0,4,0
904,904,0,4,0
905,905,0,4,0
906,906,0,4,0
907,907,0,4,0
908,908,0,4,0
909,909,0,4,0
910,910,0,4,0
911,911,0,4,0
912,912,0,4,0
913,913,0,4,0
914,914,0,4,0
915,915,0,4,0
916,916,0,4,0
917,917,0,4,0
918,918,0,4,0
919,919,0,4,0
920,920,0,4,0
921,921,0,4,0
922,922,0,4,0
923,923,0,4,0
924,924,0,4,0
925,925,0,4,0
926,926,0,4,0
927,927,0,4,0
928,928,0,4,0
929,929,0,4,0
930,930,0,4,0
931,931,0,4,0
932,932,0,4,0
933,933,0,4,0
934,934,0,4,0
935,935,0,4,0
936,936,0,4,0
937,937,0,4,0
938,938,0,4,0
939,939,0,4,0
940,940,0,4,0
941,941,0,4,0
942,942,0,4,0
943,943,0,4,0
944,944,0,4,0
945,945,0,4,0
946,946,0,4,0
947,947,0,4,0
948,948,0,4,0
949,949,0,4,0
950,950,0,4,0
951,951,0,4,0
952,952,0,4,0
953,953,0,4,0
954,954,0,4,0
955,955,0,4,0
956,956,0,4,0
957,957,0,4,0
958,958,0,4,0
959,959,0,4,0
960,960,0,4,0
961,961,0,4,0
962,962,0,4,0
963,963,0,4,0
964,964,0,4,0
965,965,0,4,0
966,966,0,4,0
967,967,0,4,0
968,968,0,4,0
969,969,0,4,0
970,970,0,4,0
971,971,0,4,0
972,972,0,4,0
973,973,0,4,0
974,974,0,4,0
975,975,0,4,0
976,976,0,4,0
977,977,0,4,0
978,978,0,4,0
979,979,0,4,0
980,980,0,4,0
981,981,0,4,0
982,982,0,4,0
983,983,0,4,0
984,984,0,4,0
985,985,0,4,0
986,986,0,4,0
987,987,0,4,0
988,988,0,4,0
989,989,0,4,0
990,990,0,4,0
991,991,0,4,0
992,992,0,4,0
993,993,0,4,0
994,994,0,4,0
995,995,0,4,0
996,996,0,4,0
997,997,0,4,0
998,998,0,4,0
999,999,0,4,0
1000,1000,0,4,0
1001,1001,0,4,0
1002,1002,0,4,0
1003,1003,0,4,0
1004,1004,0,4,0
1005,1005,0,4,0
1006,1006,0,4,0
1007,1007,0,4,0
1008,1008,0,4,0
1009,1009,0,4,0
1010,1010,0,4,0
1011,1011,0,4,0
1012,1012,0,4,0
1013,1013,0,4,0
1014,1014,0,4,0
1015,1015,0,4,0
1016,1016,0,4,0
1017,1017,0,4,0
1018,1018,0,4,0
1019,1019,0,4,0
1020,1020,0,4,0
1021,1021,0,4,0
1022,1022,0,4,0
1023,1023,0,4,0
1024,1024,0,4,0
1025,1025,0,4,0
1026,1026,0,4,0
1027,1027,0,4,0
1028,1028,0,4,0
1029,1029,0,4,0
1030,1030,0,4,0
1031,1031,0,4,0
1032,1032,0,4,0
1033,1033,0,4,0
1034,1034,0,4,0
1035,1035,0,4,0
1036,1036,0,4,0
1037,1037,0,4,0
1038,1038,0,4,0
1039,1039,0,4,0
1040,1040,0,4,0
1041,1041,0,4,0
1042,1042,0,4,0
1043,1043,0,4,0
1044,1044,0,4,0
1045,1045,0,4,0
1046,1046,0,4,0
1047,1047,0,4,0
1048,1048,0,4,0
1049,1049,0,4,0
1050,1050,0,4,0
1051,1051,0,4,0
1052,1052,0,4,0
1053,1053,0,4,0
1054,1054,0,4,0
1055,1055,0,4,0
1056,1056,0,4,0
1057,1057,0,4,0
1058,1058,0,4,0
1059,1059,0,4,0
1060,1060,0,4,0
1061,1061,0,4,0
1062,1062,0,4,0
1063,1063,0,4,0
1064,1064,0,4,0
1065,1065,0,4,0
1066,1066,0,4,0
1067,1067,0,4,0
1068,1068,0,4,0
1069,1069,0,4,0
1070,1070,0,4,0
1071,1071,0,4,0
1072,1072,0,4,0
1073,1073,0,4,0
1074,1074,0,4,0
1075,1075,0,4,0
1076,1076,0,4,0
1077,1077,0,4,0
1078,1078,0,4,0
1079,1079,0,4,0
1080,1080,0,4,0
1081,1081,0,4,0
1082,1082,0,4,0
1083,1083,0,4,0
1084,1084,0,4,0
1085,1085,0,4,0
1086,1086,0,4,0
1087,1087,0,4,0
1088,1088,0,4,0
1089,1089,0,4,0
1090,1090,0,4,0
1091,1091,0,4,0
1092,1092,0,4,0
1093,1093,0,4,0
1094,1094,0,4,0
1095,1095,0,4,0
1096,1096,0,4,0
1097,1097,0,4,0
1098,1098,0,4,0
1099,1099,0,4,0
1100,1100,0,4,0
1101,1101,0,4,0
1102,1102,0,4,0
1103,1103,0,4,0
1104,1104,0,4,0
1105,1105,0,4,0
1106,1106,0,4,0
1107,1107,0,4,0
1108,1108,0,4,0
1109,1109,0,4,0
1110,1110,0,4,0
1111,1111,0,4,0
1112,1112,0,4,0
1113,1113,0,4,0
1114,1114,0,4,0
1115,1115,0,4,0
1116,1116,0,4,0
1117,1117,0,4,0
1118,1118,0,4,0
1119,1119,0,4,0
1120,1120,0,4,0
1121,1121,0,4,0
1122,1122,0,4,0
1123,1123,0,4,0
1124,1124,0,4,0
1125,1125,0,4,0
1126,1126,0,4,0
1127,1127,0,4,0
1128,1128,0,4,0
1129,1129,0,4,0
1130,1130,0,4,0
1131,1131,0,4,0
1132,1132,0,4,0
1133,1133,0,4,0
1134,1134,0,4,0
1135,1135,0,4,0
1136,1136,0,4,0
1137,1137,0,4,0
1138,1138,0,4,0
1139,1139,0,4,0
1140,1140,0,4,0
1141,1141,0,4,0
1142,1142,0,4,0
1143,1143,0,4,0
1144,1144,0,4,0
1145,1145,0,4,0
1146,1146,0,4,0
1147,1147,0,4,0
1148,1148,0,4,0
1149,1149,0,4,0
1150,1150,0,4,0
1151,1151,0,4,0
1152,1152,0,4,0
1153,1153,0,4,0
1154,1154,0,4,0
1155,1155,0,4,0
1156,1156,0,4,0
1157,1157,0,4,0
1158,1158,0,4,0
1159,1159,0,4,0
1160,1160,0,4,0
1161,1161,0,4,0
1162,1162,0,4,0
1163,1163,0,4,0
1164,1164,0,4,0
1165,1165,0,4,0
1166,1166,0,4,0
1167,1167,0,4,0
1168,1168,0,4,0
1169,1169,0,4,0
1170,1170,0,4,0
1171,1171,0,4,0
1172,1172,0,4,0
1173,1173,0,4,0
1174,1174,0,4,0
1175,1175,0,4,0
1176,1176,0,4,0
1177,1177,0,4,0
1178,1178,0,4,0
1179,1179,0,4,0
1180,1180,0,4,0
1181,1181,0,4,0
1182,1182,0,4,0
1183,1183,0,4,0
1184,1184,0,4,0
1185,1185,0,4,0
1186,1186,0,4,0
1187,1187,0,4,0
1188,1188,0,4,0
1189,1189,0,4,0
1190,1190,0,4,0
1191,1191,0,4,0
1192,1192,0,4,0
1193,1193,0,4,0
1194,1194,0,4,0
1195,1195,0,4,0
1196,1196,0,4,0
1197,1197,0,4,0
1198,1198,0,4,0
1199,1199,0,4,0
1200,1200,0,4,0
1201,1201,0,4,0
1202,1202,0,4,0
1203,1203,0,4,0
1204,1204,0,4,0
1205,1205,0,4,0
1206,1206,0,4,0
1207,1207,0,4,0
1208,1208,0,4,0
1209,1209,0,4,0
1210,1210,0,4,0
1211,1211,0,4,0
1212,1212,0,4,0
1213,1213,0,4,0
1214,1214,0,4,0
1215,1215,0,4,0
1216,1216,0,4,0
1217,1217,0,4,0
1218,1218,0,4,0
1219,1219,0,4,0
1220,1220,0,4,0
1221,1221,0,4,0
1222,1222,0,4,0
1223,1223,0,4,0
1224,1224,0,4,0
1225,1225,0,4,0
1226,1226,0,4,0
1227,1227,0,4,0
1228,1228,0,4,0
1229,1229,0,4,0
1230,1230,0,4,0
1231,1231,0,4,0
1232,1232,0,4,0
1233,1233,0,4,0
1234,1234,0,4,0
1235,1235,0,4,0
1236,1236,0,4,0
1237,1237,0,4,0
1238,1238,0,4,0
1239,1239,0,4,0
1240,1240,0,4,0
1241,1241,0,4,0
1242,1242,0,4,0
1243,1243,0,4,0
1244,1244,0,4,0
1245,1245,0,4,0
1246,1246,0,4,0
1247,1247,0,4,0
1248,1248,0,4,0
1249,1249,0,4,0
1250,1250,0,4,0
1251,1251,0,4,0
1252,1252,0,4,0
1253,1253,0,4,0
1254,1254,0,4,0
1255,1255,0,4,0
1256,1256,0,4,0
1257,1257,0,4,0
1258,1258,0,4,0
1259,1259,0,4,0
1260,1260,0,4,0
1261,1261,0,4,0
1262,1262,0,4,0
1263,1263,0,4,0
1264,1264,0,4,0
1265,1265,0,4,0
1266,1266,0,4,0
1267,1267,0,4,0
1268,1268,0,4,0
1269,1269,0,4,0
1270,1270,0,4,0
1271,1271,0,4,0
1272,1272,0,4,0
1273,1273,0,4,0
1274,1274,0,4,0
1275,1275,0,4,0
1276,1276,0,4,0
1277,1277,0,4,0
1278,1278,0,4,0
1279,1279,0,4,0
1280,1280,0,4,0
1281,1281,0,4,0
1282,1282,0,4,0
1283,1283,0,4,0
1284,1284,0,4,0
1285,1285,0,4,0
1286,1286,0,4,0
1287,1287,0,4,0
1288,1288,0,4,0
1289,1289,0,4,0
1290,1290,0,4,0
1291,1291,0,4,0
1292,1292,0,4,0
1293,1293,0,4,0
1294,1294,0,4,0
1295,1295,0,4,0
1296,1296,0,4,0
1297,1297,0,4,0
1298,1298,0,4,0
1299,1299,0,4,0
1300,1300,0,4,0
1301,1301,0,4,0
1302,1302,0,4,0
1303,1303,0,4,0
1304,1304,0,4,0
1305,1305,0,4,0
1306,1306,0,4,0
1307,1307,0,4,0
1308,1308,0,4,0
1309,1309,0,4,0
1310,1310,0,4,0
1311,1311,0,4,0
1312,1312,0,4,0
1313,1313,0,4,0
1314,1314,0,4,0
1315,1315,0,4,0
1316,1316,0,4,0
1317,1317,0,4,0
1318,1318,0,4,0
1319,1319,0,4,0
1320,1320,0,4,0
1321,1321,0,4,0
1322,1322,0,4,0
1323,1323,0,4,0
1324,1324,0,4,0
1325,1325,0,4,0
1326,1326,0,4,0
1327,1327,0,4,0
1328,1328,0,4,0
1329,1329,0,4,0
1330,1330,0,4,0
1331,1331,0,4,0
1332,1332,0,4,0
1333,1333,0,4,0
1334,1334,0,4,0
1335,1335,0,4,0
1336,1336,0,4,0
1337,1337,0,4,0
1338,1338,0,4,0
1339,1339,0,4,0
1340,1340,0,4,0
1341,1341,0,4,0
1342,1342,0,4,0
1343,1343,0,4,0
1344,1344,0,4,0
1345,1345,0,4,0
1346,1346,0,4,0
1347,1347,0,4,0
1348,1348,0,4,0
1349,1349,0,4,0
1350,1350,0,4,0
1351,1351,0,4,0
1352,1352,0,4,0
1353,1353,0,4,0
1354,1354,0,4,0
1355,1355,0,4,0
1356,1356,0,4,0
1357,1357,0,4,0
1358,1358,0,4,0
1359,1359,0,4,0
1360,1360,0,4,0
1361,1361,0,4,0
1362,1362,0,4,0
1363,1363,0,4,0
1364,1364,0,4,0
1365,1365,0,4,0
1366,1366,0,4,0
1367,1367,0,4,0
1368,1368,0,4,0
1369,1369,0,4,0
1370,1370,0,4,0
1371,1371,0,4,0
1372,1372,0,4,0
1373,1373,0,4,0
1374,1374,0,4,0
1375,1375,0,4,0
1376,1376,0,4,0
1377,1377,0,4,0
1378,1378,0,4,0
1379,1379,0,4,0
1380,1380,0,4,0
1381,1381,0,4,0
1382,1382,0,4,0
1383,1383,0,4,0
1384,1384,0,4,0
1385,1385,0,4,0
1386,1386,0,4,0
1387,1387,0,4,0
1388,1388,0,4,0
1389,1389,0,4,0
1390,1390,0,4,0
1391,1391,0,4,0
1392,1392,0,4,0
1393,1393,0,4,0
1394,1394,0,4,0
1395,1395,0,4,0
1396,1396,0,4,0
1397,1397,0,4,0
1398,1398,0,4,0
1399,1399,0,4,0
1400,1400,0,4,0
1401,1401,0,4,0
1402,1402,0,4,0
1403,1403,0,4,0
1404,1404,0,4,0
1405,1405,0,4,0
1406,1406,0,4,0
1407,1407,0,4,0
1408,1408,0,4,0
1409,1409,0,4,0
1410,1410,0,4,0
1411,1411,0,4,0
1412,1412,0,4,0
1413,1413,0,4,0
1414,1414,0,4,0
1415,1415,0,4,0
1416,1416,0,4,0
1417,1417,0,4,0
1418,1418,0,4,0
1419,1419,0,4,0
1420,1420,0,4,0
1421,1421,0,4,0
1422,1422,0,4,0
1423,1423,0,4,0
1424,1424,0,4,0
1425,1425,0,4,0
1426,1426,0,4,0
1427,1427,0,4,0
1428,1428,0,4,0
1429,1429,0,4,0
1430,1430,0,4,0
1431,1431,0,4,0
1432,1432,0,4,0
1433,1433,0,4,0
1434,1434,0,4,0
1435,1435,0,4,0
1436,1436,0,4,0
1437,1437,0,4,0
1438,1438,0,4,0
1439,1439,0,4,0
1440,1440,0,4,0
1441,1441,0,4,0
1442,1442,0,4,0
1443,1443,0,4,0
1444,1444,0,4,0
1445,1445,0,4,0
1446,1446,0,4,0
1447,1447,0,4,0
1448,1448,0,4,0
1449,1449,0,4,0
1450,1450,0,4,0
1451,1451,0,4,0
1452,1452,0,4,0
1453,1453,0,4,0
1454,1454,0,4,0
1455,1455,0,4,0
1456,1456,0,4,0
1457,1457,0,4,0
1458,1458,0,4,0
1459,1459,0,4,0
1460,1460,0,4,0
1461,1461,0,4,0
1462,1462,0,4,0
1463,1463,0,4,0
1464,1464,0,4,0
1465,1465,0,4,0
1466,1466,0,4,0
1467,1467,0,4,0
1468,1468,0,4,0
1469,1469,0,4,0
1470,1470,0,4,0
1471,1471,0,4,0
1472,1472,0,4,0
1473,1473,0,4,0
1474,1474,0,4,0
1475,1475,0,4,0
1476,1476,0,4,0
1477,1477,0,4,0
1478,1478,0,4,0
1479,1479,0,4,0
1480,1480,0,4,0
1481,1481,0,4,0
1482,1482,0,4,0
1483,1483,0,4,0
1484,1484,0,4,0
1485,1485,0,4,0
1486,1486,0,4,0
1487,1487,0,4,0
1488,1488,0,4,0
1489,1489,0,4,0
1490,1490,0,4,0
1491,1491,0,4,0
1492,1492,0,4,0
1493,1493,0,4,0
1494,1494,0,4,0
1495,1495,0,4,0
1496,1496,0,4,0
1497,1497,0,4,0
1498,1498,0,4,0
1499,1499,0,4,0
1500,1500,0,4,0
1501,1501,0,4,0
1502,1502,0,4,0
1503,1503,0,4,0
1504,1504,0,4,0
1505,1505,0,4,0
1506,1506,0,4,0
1507,1507,0,4,0
1508,1508,0,4,0
1509,1509,0,4,0
1510,1510,0,4,0
1511,1511,0,4,0
1512,1512,0,4,0
1513,1513,0,4,0
1514,1514,0,4,0
1515,1515,0,4,0
1516,1516,0,4,0
1517,1517,0,4,0
1518,1518,0,4,0
1519,1519,0,4,0
1520,1520,0,4,0
1521,1521,0,4,0
1522,1522,0,4,0
1523,1523,0,4,0
1524,1524,0,4,0
1525,1525,0,4,0
1526,1526,0,4,0
1527,1527,0,4,0
1528,1528,0,4,0
1529,1529,0,4,0
1530,1530,0,4,0
1531,1531,0,4,0
1532,1532,0,4,0
1533,1533,0,4,0
1534,1534,0,4,0
1535,1535,0,4,0
1536,1536,0,4,0
1537,1537,0,4,0
1538,1538,0,4,0
1539,1539,0,4,0
1540,1540,0,4,0
1541,1541,0,4,0
1542,1542,0,4,0
1543,1543,0,4,0
1544,1544,0,4,0
1545,1545,0,4,0
1546,1546,0,4,0
1547,1547,0,4,0
1548,1548,0,4,0
1549,1549,0,4,0
1550,1550,0,4,0
1551,1551,0,4,0
1552,1552,0,4,0
1553,1553,0,4,0
1554,1554,0,4,0
1555,1555,0,4,0
1556,1556,0,4,0
1557,1557,0,4,0
1558,1558,0,4,0
1559,1559,0,4,0
1560,1560,0,4,0
1561,1561,0,4,0
1562,1562,0,4,0
1563,1563,0,4,0
1564,1564,0,4,0
1565,1565,0,4,0
1566,1566,0,4,0
1567,1567,0,4,0
1568,1568,0,4,0
1569,1569,0,4,0
1570,1570,0,4,0
1571,1571,0,4,0
1572,1572,0,4,0
1573,1573,0,4,0
1574,1574,0,4,0
1575,1575,0,4,0
1576,1576,0,4,0
1577,1577,0,4,0
1578,1578,0,4,0
1579,1579,0,4,0
1580,1580,0,4,0
1581,1581,0,4,0
1582,1582,0,4,0
1583,1583,0,4,0
1584,1584,0,4,0
1585,1585,0,4,0
1586,1586,0,4,0
1587,1587,0,4,0
1588,1588,0,4,0
1589,1589,0,4,0
1590,1590,0,4,0
1591,1591,0,4,0
1592,1592,0,4,0
1593,1593,0,4,0
1594,1594,0,4,0
1595,1595,0,4,0
1596,1596,0,4,0
1597,1597,0,4,0
1598,1598,0,4,0
1599,1599,0,4,0
1600,1600,0,4,0
1601,1601,0,4,0
1602,1602,0,4,0
1603,1603,0,4,0
1604,1604,0,4,0
1605,1605,0,4,0
1606,1606,0,4,0
1607,1607,0,4,0
1608,1608,0,4,0
1609,1609,0,4,0
1610,1610,0,4,0
1611,1611,0,4,0
1612,1612,0,4,0
1613,1613,0,4,0
1614,1614,0,4,0
1615,1615,0,4,0
1616,1616,0,4,0
1617,1617,0,4,0
1618,1618,0,4,0
1619,1619,0,4,0
1620,1620,0,4,0
1621,1621,0,4,0
1622,1622,0,4,0
1623,1623,0,4,0
1624,1624,0,4,0
1625,1625,0,4,0
1626,1626,0,4,0
1627,1627,0,4,0
1628,1628,0,4,0
1629,1629,0,4,0
1630,1630,0,4,0
1631,1631,0,4,0
1632,1632,0,4,0
1633,1633,0,4,0
1634,1634,0,4,0
1635,1635,0,4,0
1636,1636,0,4,0
1637,1637,0,4,0
1638,1638,0,4,0
1639,1639,0,4,0
1640,1640,0,4,0
1641,1641,0,4,0
1642,1642,0,4,0
1643,1643,0,4,0
1644,1644,0,4,0
1645,1645,0,4,0
1646,1646,0,4,0
1647,1647,0,4,0
1648,1648,0,4,0
1649,1649,0,4,0
1650,1650,0,4,0
1651,1651,0,4,0
1652,1652,0,4,0
1653,1653,0,4,0
1654,1654,0,4,0
1655,1655,0,4,0
1656,1656,0,4,0
1657,1657,0,4,0
1658,1658,0,4,0
1659,1659,0,4,0
1660,1660,0,4,0
1661,1661,0,4,0
1662,1662,0,4,0
1663,1663,0,4,0
1664,1664,0,4,0
1665,1665,0,4,0
1666,1666,0,4,0
1667,1667,0,4,0
1668,1668,0,4,0
1669,1669,0,4,0
1670,1670,0,4,0
1671,1671,0,4,0
1672,1672,0,4,0
1673,1673,0,4,0
1674,1674,0,4,0
1675,1675,0,4,0
1676,1676,0,4,0
1677,1677,0,4,0
1678,1678,0,4,0
1679,1679,0,4,0
1680,1680,0,4,0
1681,1681,0,4,0
1682,1682,0,4,0
1683,1683,0,4,0
1684,1684,0,4,0
1685,1685,0,4,0
1686,1686,0,4,0
1687,1687,0,4,0
1688,1688,0,4,0
1689,1689,0,4,0
1690,1690,0,4,0
1691,1691,0,4,0
1692,1692,0,4,0
1693,1693,0,4,0
1694,1694,0,4,0
1695,1695,0,4,0
1696,1696,0,4,0
1697,1697,0,4,0
1698,1698,0,4,0
1699,1699,0,4,0
1700,1700,0,4,0
1701,1701,0,4,0
1702,1702,0,4,0
1703,1703,0,4,0
1704,1704,0,4,0
1705,1705,0,4,0
1706,1706,0,4,0
1707,1707,0,4,0
1708,1708,0,4,0
1709,1709,0,4,0
1710,1710,0,4,0
1711,1711,0,4,0
1712,1712,0,4,0
1713,1713,0,4,0
1714,1714,0,4,0
1715,1715,0,4,0
1716,1716,0,4,0
1717,1717,0,4,0
1718,1718,0,4,0
1719,1719,0,4,0
1720,1720,0,4,0
1721,1721,0,4,0
1722,1722,0,4,0
1723,1723,0,4,0
1724,1724,0,4,0
1725,1725,0,4,0
1726,1726,0,4,0
1727,1727,0,4,0
1728,1728,0,4,0
1729,1729,0,4,0
1730,1730,0,4,0
1731,1731,0,4,0
1732,1732,0,4,0
1733,1733,0,4,0
1734,1734,0,4,0
1735,1735,0,4,0
1736,1736,0,4,0
1737,1737,0,4,0
1738,1738,0,4,0
1739,1739,0,4,0
1740,1740,0,4,0
1741,1741,0,4,0
1742,1742,0,4,0
1743,1743,0,4,0
1744,1744,0,4,0
1745,1745,0,4,0
1746,1746,0,4,0
1747,1747,0,4,0
1748,1748,0,4,0
1749,1749,0,4,0
1750,1750,0,4,0
1751,1751,0,4,0
1752,1752,0,4,0
1753,1753,0,4,0
1754,1754,0,4,0
1755,1755,0,4,0
1756,1756,0,4,0
1757,1757,0,4,0
1758,1758,0,4,0
1759,1759,0,4,0
1760,1760,0,4,0
1761,1761,0,4,0
1762,1762,0,4,0
1763,1763,0,4,0
1764,1764,0,4,0
1765,1765,0,4,0
1766,1766,0,4,0
1767,1767,0,4,0
1768,1768,0,4,0
1769,1769,0,4,0
1770,1770,0,4,0
1771,1771,0,4,0
1772,1772,0,4,0
1773,1773,0,4,0
1774,1774,0,4,0
1775,1775,0,4,0
1776,1776,0,4,0
1777,1777,0,4,0
1778,1778,0,4,0
1779,1779,0,4,0
1780,1780,0,4,0
1781,1781,0,4,0
1782,1782,0,4,0
1783,1783,0,4,0
1784,1784,0,4,0
1785,1785,0,4,0
1786,1786,0,4,0
1787,1787,0,4,0
1788,1788,0,4,0
1789,1789,0,4,0
1790,1790,0,4,0
1791,1791,0,4,0
1792,1792,0,4,0
1793,1793,0,4,0
1794,1794,0,4,0
1795,1795,0,4,0
1796,1796,0,4,0
1797,1797,0,4,0
1798,1798,0,4,0
1799,1799,0,4,0
1800,1800,0,4,0
1801,1801,0,4,0
1802,1802,0,4,0
1803,1803,0,4,0
1804,1804,0,4,0
1805,1805,0,4,0
1806,1806,0,4,0
1807,1807,0,4,0
1808,1808,0,4,0
1809,1809,0,4,0
1810,1810,0,4,0
1811,1811,0,4,0
1812,1812,0,4,0
1813,1813,0,4,0
1814,1814,0,4,0
1815,1815,0,4,0
1816,1816,0,4,0
1817,1817,0,4,0
1818,1818,0,4,0
1819,1819,0,4,0
1820,1820,0,4,0
1821,1821,0,4,0
1822,1822,0,4,0
1823,1823,0,4,0
1824,1824,0,4,0
1825,1825,0,4,0
1826,1826,0,4,0
1827,1827,0,4,0
1828,1828,0,4,0
1829,1829,0,4,0
1830,1830,0,4,0
1831,1831,0,4,0
1832,1832,0,4,0
1833,1833,0,4,0
1834,1834,0,4,0
1835,1835,0,4,0
1836,1836,0,4,0
1837,1837,0,4,0
1838,1838,0,4,0
1839,1839,0,4,0
1840,1840,0,4,0
1841,1841,0,4,0
1842,1842,0,4,0
1843,1843,0,4,0
1844,1844,0,4,0
1845,1845,0,4,0
1846,1846,0,4,0
1847,1847,0,4,0
1848,1848,0,4,0
1849,1849,0,4,0
1850,1850,0,4,0
1851,1851,0,4,0
1852,1852,0,4,0
1853,1853,0,4,0
1854,1854,0,4,0
1855,1855,0,4,0
1856,1856,0,4,0
1857,1857,0,4,0
1858,1858,0,4,0
1859,1859,0,4,0
1860,1860,0,4,0
1861,1861,0,4,0
1862,1862,0,4,0
1863,1863,0,4,0
1864,1864,0,4,0
1865,1865,0,4,0
1866,1866,0,4,0
1867,1867,0,4,0
1868,1868,0,4,0
1869,1869,0,4,0
1870,1870,0,4,0
1871,1871,0,4,0
1872,1872,0,4,0
1873,1873,0,4,0
1874,1874,0,4,0
1875,1875,0,4,0
1876,1876,0,4,0
1877,1877,0,4,0
1878,1878,0,4,0
1879,1879,0,4,0
1880,1880,0,4,0
1881,1881,0,4,0
1882,1882,0,4,0
1883,1883,0,4,0
1884,1884,0,4,0
1885,1885,0,4,0
1886,1886,0,4,0
1887,1887,0,4,0
1888,1888,0,4,0
1889,1889,0,4,0
1890,1890,0,4,0
1891,1891,0,4,0
1892,1892,0,4,0
1893,1893,0,4,0
1894,1894,0,4,0
1895,1895,0,4,0
1896,1896,0,4,0
1897,1897,0,4,0
1898,1898,0,4,0
1899,1899,0,4,0
1900,1900,0,4,0
1901,1901,0,4,0
1902,1902,0,4,0
1903,1903,0,4,0
1904,1904,0,4,0
1905,1905,0,4,0
1906,1906,0,4,0
1907,1907,0,4,0
1908,1908,0,4,0
1909,1909,0,4,0
1910,1910,0,4,0
1911,1911,0,4,0
1912,1912,0,4,0
1913,1913,0,4,0
1914,1914,0,4,0
1915,1915,0,4,0
1916,1916,0,4,0
1917,1917,0,4,0
1918,1918,0,4,0
1919,1919,0,4,0
1920,1920,0,4,0
1921,1921,0,4,0
1922,1922,0,4,0
1923,1923,0,4,0
1924,1924,0,4,0
1925,1925,0,4,0
1926,1926,0,4,0
1927,1927,0,4,0
1928,1928,0,4,0
1929,1929,0,4,0
1930,1930,0,4,0
1931,1931,0,4,0
1932,1932,0,4,0
1933,1933,0,4,0
1934,1934,0,4,0
1935,1935,0,4,0
1936,1936,0,4,0
1937,1937,0,4,0
1938,1938,0,4,0
1939,1939,0,4,0
1940,1940,0,4,0
1941,1941,0,4,0
1942,1942,0,4,0
1943,1943,0,4,0
1944,1944,0,4,0
1945,1945,0,4,0
1946,1946,0,4,0
1947,1947,0,4,0
1948,1948,0,4,0
1949,1949,0,4,0
1950,1950,0,4,0
1951,1951,0,4,0
1952,1952,0,4,0
1953,1953,0,4,0
1954,1954,0,4,0
1955,1955,0,4,0
1956,1956,0,4,0
1957,1957,0,4,0
1958,1958,0,4,0
1959,1959,0,4,0
1960,1960,0,4,0
1961,1961,0,4,0
1962,1962,0,4,0
1963,1963,0,4,0
1964,1964,0,4,0
1965,1965,0,4,0
1966,1966,0,4,0
1967,1967,0,4,0
1968,1968,0,4,0
1969,1969,0,4,0
1970,1970,0,4,0
1971,1971,0,4,0
1972,1972,0,4,0
1973,1973,0,4,0
1974,1974,0,4,0
1975,1975,0,4,0
1976,1976,0,4,0
1977,1977,0,4,0
1978,1978,0,4,0
1979,1979,0,4,0
1980,1980,0,4,0
1981,1981,0,4,0
1982,1982,0,4,0
1983,1983,0,4,0
1984,1984,0,4,0
1985,1985,0,4,0
1986,1986,0,4,0
1987,1987,0,4,0
1988,1988,0,4,0
1989,1989,0,4,0
1990,1990,0,4,0
1991,1991,0,4,0
1992,1992,0,4,0
1993,1993,0,4,0
1994,1994,0,4,0
1995,1995,0,4,0
1996,1996,0,4,0
1997,1997,0,4,0
1998,1998,0,4,0
1999,1999,0,4,0
2000,2000,0,4,0
2001,2001,0,4,0
2002,2002,0,4,0
2003,2003,0,4,0
2004,2004,0,4,0
2005,2005,0,4,0
2006,2006,0,4,0
2007,2007,0,4,0
2008,2008,0,4,0
2009,2009,0,4,0
2010,2010,0,4,0
2011,2011,0,4,0
2012,2012,0,4,0
2013,2013,0,4,0
2014,2014,0,4,0
2015,2015,0,4,0
2016,2016,0,4,0
2017,2017,0,4,0
2018,2018,0,4,0
2019,2019,0,4,0
2020,2020,0,4,0
2021,2021,0,4,0
2022,2022,0,4,0
2023,2023,0,4,0
2024,2024,0,4,0
2025,2025,0,4,0
2026,2026,0,4,0
2027,2027,0,4,0
2028,2028,0,4,0
2029,2029,0,4,0
2030,2030,0,4,0
2031,2031,0,4,0
2032,2032,0,4,0
2033,2033,0,4,0
2034,2034,0,4,0
2035,2035,0,4,0
2036,2036,0,4,0
2037,2037,0,4,0
2038,2038,0,4,0
2039,2039,0,4,0
2040,2040,0,4,0
2041,2041,0,4,0
2042,2042,0,4,0
2043,2043,0,4,0
2044,2044,0,4,0
2045,2045,0,4,0
2046,2046,0,4,0
2047,2047,0,4,0
2048,2048,0,4,0
2049,2049,0,4,0
2050,2050,0,4,0
2051,2051,0,4,0
2052,2052,0,4,0
2053,2053,0,4,0
2054,2054,0,4,0
2055,2055,0,4,0
2056,2056,0,4,0
2057,2057,0,4,0
2058,2058,0,4,0
2059,2059,0,4,0
2060,2060,0,4,0
2061,2061,0,4,0
2062,2062,0,4,0
2063,2063,0,4,0
2064,2064,0,4,0
2065,2065,0,4,0
2066,2066,0,4,0
2067,2067,0,4,0
2068,2068,0,4,0
2069,2069,0,4,0
2070,2070,0,4,0
2071,2071,0,4,0
2072,2072,0,4,0
2073,2073,0,4,0
2074,2074,0,4,0
2075,2075,0,4,0
2076,2076,0,4,0
2077,2077,0,4,0
2078,2078,0,4,0
2079,2079,0,4,0
2080,2080,0,4,0
2081,2081,0,4,0
2082,2082,0,4,0
2083,2083,0,4,0
2084,2084,0,4,0
2085,2085,0,4,0
2086,2086,0,4,0
2087,2087,0,4,0
2088,2088,0,4,0
2089,2089,0,4,0
2090,2090,0,4,0
2091,2091,0,4,0
2092,2092,0,4,0
2093,2093,0,4,0
2094,2094,0,4,0
2095,2095,0,4,0
2096,2096,0,4,0
2097,2097,0,4,0
2098,2098,0,4,0
2099,2099,0,4,0
2100,2100,0,4,0
2101,2101,0,4,0
2102,2102,0,4,0
2103,2103,0,4,0
2104,2104,0,4,0
2105,2105,0,4,0
2106,2106,0,4,0
2107,2107,0,4,0
2108,2108,0,4,0
2109,2109,0,4,0
2110,2110,0,4,0
2111,2111,0,4,0
2112,2112,0,4,0
2113,2113,0,4,0
2114,2114,0,4,0
2115,2115,0,4,0
2116,2116,0,4,0
2117,2117,0,4,0
2118,2118,0,4,0
2119,2119,0,4,0
2120,2120,0,4,0
2121,2121,0,4,0
2122,2122,0,4,0
2123,2123,0,4,0
2124,2124,0,4,0
2125,2125,0,4,0
2126,2126,0,4,0
2127,2127,0,4,0
2128,2128,0,4,0
2129,2129,0,4,0
2130,2130,0,4,0
2131,2131,0,4,0
2132,2132,0,4,0
2133,2133,0,4,0
2134,2134,0,4,0
2135,2135,0,4,0
2136,2136,0,4,0
2137,2137,0,4,0
2138,2138,0,4,0
2139,2139,0,4,0
2140,2140,0,4,0
2141,2141,0,4,0
2142,2142,0,4,0
2143,2143,0,4,0
2144,2144,0,4,0
2145,2145,0,4,0
2146,2146,0,4,0
2147,2147,0,4,0
2148,2148,0,4,0
2149,2149,0,4,0
2150,2150,0,4,0
2151,2151,0,4,0
2152,2152,0,4,0
2153,2153,0,4,0
2154,2154,0,4,0
2155,2155,0,4,0
2156,2156,0,4,0
2157,2157,0,4,0
2158,2158,0,4,0
2159,2159,0,4,0
2160,2160,0,4,0
2161,2161,0,4,0
2162,2162,0,4,0
2163,2163,0,4,0
2164,2164,0,4,0
2165,2165,0,4,0
2166,2166,0,4,0
2167,2167,0,4,0
2168,2168,0,4,0
2169,2169,0,4,0
2170,2170,0,4,0
2171,2171,0,4,0
2172,2172,0,4,0
2173,2173,0,4,0
2174,2174,0,4,0
2175,2175,0,4,0
2176,2176,0,4,0
2177,2177,0,4,0
2178,2178,0,4,0
2179,2179,0,4,0
2180,2180,0,4,0
2181,2181,0,4,0
2182,2182,0,4,0
2183,2183,0,4,0
2184,2184,0,4,0
2185,2185,0,4,0
2186,2186,0,4,0
2187,2187,0,4,0
2188,2188,0,4,0
2189,2189,0,4,0
2190,2190,0,4,0
2191,2191,0,4,0
2192,2192,0,4,0
2193,2193,0,4,0
2194,2194,0,4,0
2195,2195,0,4,0
2196,2196,0,4,0
2197,2197,0,4,0
2198,2198,0,4,0
2199,2199,0,4,0
2200,2200,0,4,0
2201,2201,0,4,0
2202,2202,0,4,0
2203,2203,0,4,0
2204,2204,0,4,0
2205,2205,0,4,0
2206,2206,0,4,0
2207,2207,0,4,0
2208,2208,0,4,0
2209,2209,0,4,0
2210,2210,0,4,0
2211,2211,0,4,0
2212,2212,0,4,0
2213,2213,0,4,0
2214,2214,0,4,0
2215,2215,0,4,0
2216,2216,0,4,0
2217,2217,0,4,0
2218,2218,0,4,0
2219,2219,0,4,0
2220,2220,0,4,0
2221,2221,0,4,0
2222,2222,0,4,0
2223,2223,0,4,0
2224,2224,0,4,0
2225,2225,0,4,0
2226,2226,0,4,0
2227,2227,0,4,0
2228,2228,0,4,0
2229,2229,0,4,0
2230,2230,0,4,0
2231,2231,0,4,0
2232,2232,0,4,0
2233,2233,0,4,0
2234,2234,0,4,0
2235,2235,0,4,0
2236,2236,0,4,0
2237,2237,0,4,0
2238,2238,0,4,0
2239,2239,0,4,0
2240,2240,0,4,0
2241,2241,0,4,0
2242,2242,0,4,0
2243,2243,0,4,0
2244,2244,0,4,0
2245,2245,0,4,0
2246,2246,0,4,0
2247,2247,0,4,0
2248,2248,0,4,0
2249,2249,0,4,0
2250,2250,0,4,0
2251,2251,0,4,0
2252,2252,0,4,0
2253,2253,0,4,0
2254,2254,0,4,0
2255,2255,0,4,0
2256,2256,0,4,0
2257,2257,0,4,0
2258,2258,0,4,0
2259,2259,0,4,0
2260,2260,0,4,0
2261,2261,0,4,0
2262,2262,0,4,0
2263,2263,0,4,0
2264,2264,0,4,0
2265,2265,0,4,0
2266,2266,0,4,0
2267,2267,0,4,0
2268,2268,0,4,0
2269,2269,0,4,0
2270,2270,0,4,0
2271,2271,0,4,0
2272,2272,0,4,0
2273,2273,0,4,0
2274,2274,0,4,0
2275,2275,0,4,0
2276,2276,0,4,0
2277,2277,0,4,0
2278,2278,0,4,0
2279,2279,0,4,0
2280,2280,0,4,0
2281,2281,0,4,0
2282,2282,0,4,0
2283,2283,0,4,0
2284,2284,0,4,0
2285,2285,0,4,0
2286,2286,0,4,0
2287,2287,0,4,0
2288,2288,0,4,0
2289,2289,0,4,0
2290,2290,0,4,0
2291,2291,0,4,0
2292,2292,0,4,0
2293,2293,0,4,0
2294,2294,0,4,0
2295,2295,0,4,0
2296,2296,0,4,0
2297,2297,0,4,0
2298,2298,0,4,0
2299,2299,0,4,0
2300,2300,0,4,0
2301,2301,0,4,0
2302,2302,0,4,0
2303,2303,0,4,0
2304,2304,0,4,0
2305,2305,0,4,0
2306,2306,0,4,0
2307,2307,0,4,0
2308,2308,0,4,0
2309,2309,0,4,0
2310,2310,0,4,0
2311,2311,0,4,0
2312,2312,0,4,0
2313,2313,0,4,0
2314,2314,0,4,0
2315,2315,0,4,0
2316,2316,0,4,0
2317,2317,0,4,0
2318,2318,0,4,0
2319,2319,0,4,0
2320,2320,0,4,0
2321,2321,0,4,0
2322,2322,0,4,0
2323,2323,0,4,0
2324,2324,0,4,0
2325,2325,0,4,0
2326,2326,0,4,0
2327,2327,0,4,0
2328,2328,0,4,0
2329,2329,0,4,0
2330,2330,0,4,0
2331,2331,0,4,0
2332,2332,0,4,0
2333,2333,0,4,0
2334,2334,0,4,0
2335,2335,0,4,0
2336,2336,0,4,0
2337,2337,0,4,0
2338,2338,0,4,0
2339,2339,0,4,0
2340,2340,0,4,0
2341,2341,0,4,0
2342,2342,0,4,0
2343,2343,0,4,0
2344,2344,0,4,0
2345,2345,0,4,0
2346,2346,0,4,0
2347,2347,0,4,0
2348,2348,0,4,0
2349,2349,0,4,0
2350,2350,0,4,0
2351,2351,0,4,0
2352,2352,0,4,0
2353,2353,0,4,0
2354,2354,0,4,0
2355,2355,0,4,0
2356,2356,0,4,0
2357,2357,0,4,0
2358,2358,0,4,0
2359,2359,0,4,0
2360,2360,0,4,0
2361,2361,0,4,0
2362,2362,0,4,0
2363,2363,0,4,0
2364,2364,0,4,0
2365,2365,0,4,0
2366,2366,0,4,0
2367,2367,0,4,0
2368,2368,0,4,0
2369,2369,0,4,0
2370,2370,0,4,0
2371,2371,0,4,0
2372,2372,0,4,0
2373,2373,0,4,0
2374,2374,0,4,0
2375,2375,0,4,0
2376,2376,0,4,0
2377,2377,0,4,0
2378,2378,0,4,0
2379,2379,0,4,0
2380,2380,0,4,0
2381,2381,0,4,0
2382,2382,0,4,0
2383,2383,0,4,0
2384,2384,0,4,0
2385,2385,0,4,0
2386,2386,0,4,0
2387,2387,0,4,0
2388,2388,0,4,0
2389,2389,0,4,0
2390,2390,0,4,0
2391,2391,0,4,0
2392,2392,0,4,0
2393,2393,0,4,0
2394,2394,0,4,0
2395,2395,0,4,0
2396,2396,0,4,0
2397,2397,0,4,0
2398,2398,0,4,0
2399,2399,0,4,0
2400,2400,0,4,0
2401,2401,0,4,0
2402,2402,0,4,0
2403,2403,0,4,0
2404,2404,0,4,0
2405,2405,0,4,0
2406,2406,0,4,0
2407,2407,0,4,0
2408,2408,0,4,0
2409,2409,0,4,0
2410,2410,0,4,0
2411,2411,0,4,0
2412,2412,0,4,0
2413,2413,0,4,0
2414,2414,0,4,0
2415,2415,0,4,0
2416,2416,0,4,0
2417,2417,0,4,0
2418,2418,0,4,0
2419,2419,0,4,0
2420,2420,0,4,0
2421,2421,0,4,0
2422,2422,0,4,0
2423,2423,0,4,0
2424,2424,0,4,0
2425,2425,0,4,0
2426,2426,0,4,0
2427,2427,0,4,0
2428,2428,0,4,0
2429,2429,0,4,0
2430,2430,0,4,0
2431,2431,0,4,0
2432,2432,0,4,0
2433,2433,0,4,0
2434,2434,0,4,0
2435,2435,0,4,0
2436,2436,0,4,0
2437,2437,0,4,0
2438,2438,0,4,0
2439,2439,0,4,0
2440,2440,0,4,0
2441,2441,0,4,0
2442,2442,0,4,0
2443,2443,0,4,0
2444,2444,0,4,0
2445,2445,0,4,0
2446,2446,0,4,0
2447,2447,0,4,0
2448,2448,0,4,0
2449,2449,0,4,0
2450,2450,0,4,0
2451,2451,0,4,0
2452,2452,0,4,0
2453,2453,0,4,0
2454,2454,0,4,0
2455,2455,0,4,0
2456,2456,0,4,0
2457,2457,0,4,0
2458,2458,0,4,0
2459,2459,0,4,0
2460,2460,0,4,0
2461,2461,0,4,0
2462,2462,0,4,0
2463,2463,0,4,0
2464,2464,0,4,0
2465,2465,0,4,0
2466,2466,0,4,0
2467,2467,0,4,0
2468,2468,0,4,0
2469,2469,0,4,0
2470,2470,0,4,0
2471,2471,0,4,0
2472,2472,0,4,0
2473,2473,0,4,0
2474,2474,0,4,0
2475,2475,0,4,0
2476,2476,0,4,0
2477,2477,0,4,0
2478,2478,0,4,0
2479,2479,0,4,0
2480,2480,0,4,0
2481,2481,0,4,0
2482,2482,0,4,0
2483,2483,0,4,0
2484,2484,0,4,0
2485,2485,0,4,0
2486,2486,0,4,0
2487,2487,0,4,0
2488,2488,0,4,0
2489,2489,0,4,0
2490,2490,0,4,0
2491,2491,0,4,0
2492,2492,0,4,0
2493,2493,0,4,0
2494,2494,0,4,0
2495,2495,0,4,0
2496,2496,0,4,0
2497,2497,0,4,0
2498,2498,0,4,0
2499,2499,0,4,0
2500,2500,0,4,0
2501,2501,0,4,0
2502,2502,0,4,0
2503,2503,0,4,0
2504,2504,0,4,0
2505,2505,0,4,0
2506,2506,0,4,0
2507,2507,0,4,0
2508,2508,0,4,0
2509,2509,0,4,0
2510,2510,0,4,0
2511,2511,0,4,0
2512,2512,0,4,0
2513,2513,0,4,0
2514,2514,0,4,0
2515,2515,0,4,0
2516,2516,0,4,0
2517,2517,0,4,0
2518,2518,0,4,0
2519,2519,0,4,0
2520,2520,0,4,0
2521,2521,0,4,0
2522,2522,0,4,0
2523,2523,0,4,0
2524,2524,0,4,0
2525,2525,0,4,0
2526,2526,0,4,0
2527,2527,0,4,0
2528,2528,0,4,0
2529,2529,0,4,0
2530,2530,0,4,0
2531,2531,0,4,0
2532,2532,0,4,0
2533,2533,0,4,0
2534,2534,0,4,0
2535,2535,0,4,0
2536,2536,0,4,0
2537,2537,0,4,0
2538,2538,0,4,0
2539,2539,0,4,0
2540,2540,0,4,0
2541,2541,0,4,0
2542,2542,0,4,0
2543,2543,0,4,0
2544,2544,0,4,0
2545,2545,0,4,0
2546,2546,0,4,0
2547,2547,0,4,0
2548,2548,0,4,0
2549,2549,0,4,0
2550,2550,0,4,0
2551,2551,0,4,0
2552,2552,0,4,0
2553,2553,0,4,0
2554,2554,0,4,0
2555,2555,0,4,0
2556,2556,0,4,0
2557,2557,0,4,0
2558,2558,0,4,0
2559,2559,0,4,0
2560,2560,0,4,0
2561,2561,0,4,0
2562,2562,0,4,0
2563,2563,0,4,0
2564,2564,0,4,0
2565,2565,0,4,0
2566,2566,0,4,0
2567,2567,0,4,0
2568,2568,0,4,0
2569,2569,0,4,0
2570,2570,0,4,0
2571,2571,0,4,0
2572,2572,0,4,0
2573,2573,0,4,0
2574,2574,0,4,0
2575,2575,0,4,0
2576,2576,0,4,0
2577,2577,0,4,0
2578,2578,0,4,0
2579,2579,0,4,0
2580,2580,0,4,0
2581,2581,0,4,0
2582,2582,0,4,0
2583,2583,0,4,0
2584,2584,0,4,0
2585,2585,0,4,0
2586,2586,0,4,0
2587,2587,0,4,0
2588,2588,0,4,0
2589,2589,0,4,0
2590,2590,0,4,0
2591,2591,0,4,0
2592,2592,0,4,0
2593,2593,0,4,0
2594,2594,0,4,0
2595,2595,0,4,0
2596,2596,0,4,0
2597,2597,0,4,0
2598,2598,0,4,0
2599,2599,0,4,0
2600,2600,0,4,0
2601,2601,0,4,0
2602,2602,0,4,0
2603,2603,0,4,0
2604,2604,0,4,0
2605,2605,0,4,0
2606,2606,0,4,0
2607,2607,0,4,0
2608,2608,0,4,0
2609,2609,0,4,0
2610,2610,0,4,0
2611,2611,0,4,0
2612,2612,0,4,0
2613,2613,0,4,0
2614,2614,0,4,0
2615,2615,0,4,0
2616,2616,0,4,0
2617,2617,0,4,0
2618,2618,0,4,0
2619,2619,0,4,0
2620,2620,0,4,0
2621,2621,0,4,0
2622,2622,0,4,0
2623,2623,0,4,0
2624,2624,0,4,0
2625,2625,0,4,0
2626,2626,0,4,0
2627,2627,1,4,0
2628,2628,1,4,0
2629,2629,1,4,0
2630,2630,1,4,0
2631,2631,1,4,0
2632,2632,1,4,0
2633,2633,1,4,0
2634,2634,1,4,0
2635,2635,1,4,0
2636,2636,1,4,0
2637,2637,1,4,0
2638,2638,2,4,0
2639,2639,1,4,0
2640,2640,1,4,0
2641,2641,1,4,0
2642,2642,1,4,0
2643,2643,1,4,0
2644,2644,1,4,0
2645,2645,1,4,0
2646,2646,1,4,0
2647,2647,1,4,0
2648,2648,1,4,0
2649,2649,1,4,0
2650,2650,1,4,0
2651,2651,1,4,0
2652,2652,2,4,0
2653,2653,1,4,0
2654,2654,1,4,0
2655,2655,1,4,0
2656,2656,1,4,0
2657,2657,1,4,0
2658,2658,1,4,0
2659,2659,1,4,0
2660,2660,1,4,0
2661,2661,3,4,0
2662,2662,1,4,0
2663,2663,2,4,0
2664,2664,1,4,0
2665,2665,3,4,0
2666,2666,1,4,0
2667,2667,1,4,0
2668,2668,1,4,0
2669,2669,1,4,0
2670,2670,1,4,0
2671,2671,1,4,0
2672,2672,1,4,0
2673,2673,1,4,0
2674,2674,1,4,0
2675,2675,1,4,0
2676,2676,1,4,0
2677,2677,1,4,0
2678,2678,1,4,0
2679,2679,1,4,0
2680,2680,1,4,0
2681,2681,1,4,0
2682,2682,1,4,0
2683,2683,1,4,0
2684,2684,3,4,0
2685,2685,1,4,0
2686,2686,1,4,0
2687,2687,1,4,0
2688,2688,1,4,0
2689,2689,1,4,0
2690,2690,1,4,0
2691,2691,1,4,0
2692,2692,1,4,0
2693,2693,1,4,0
2694,2694,1,4,0
2695,2695,1,4,0
2696,2696,1,4,0
2697,2697,1,4,0
2698,2698,1,4,0
2699,2699,1,4,0
2700,2700,1,4,0
2701,2701,1,4,0
2702,2702,1,4,0
2703,2703,1,4,0
2704,2704,1,4,0
2705,2705,1,4,0
2706,2706,1,4,0
2707,2707,1,4,0
2708,2708,1,4,0
2709,2709,1,4,0
2710,2710,2,4,0
2711,2711,2,4,0
2712,2712,2,4,0
2713,2713,1,4,0
2714,2714,1,4,0
2715,2715,3,4,0
2716,2716,3,4,0
2717,2717,1,4,0
2718,2718,1,4,0
2719,2719,1,4,0
2720,2720,1,4,0
2721,2721,1,4,0
2722,2722,1,4,0
2723,2723,1,4,0
2724,2724,1,4,0
2725,2725,1,4,0
2726,2726,1,4,0
2727,2727,1,4,0
2728,2728,1,4,0
2729,2729,1,4,0
2730,2730,1,4,0
2731,2731,4,4,1
2732,2732,2,4,0
2733,2733,1,4,0
2734,2734,1,4,0
2735,2735,1,4,0
2736,2736,1,4,0
2737,2737,1,4,0
2738,2738,1,4,0
2739,2739,1,4,0
2740,2740,1,4,0
2741,2741,1,4,0
2742,2742,1,4,0
2743,2743,1,4,0
2744,2744,1,4,0
2745,2745,1,4,0
2746,2746,1,4,0
2747,2747,1,4,0
2748,2748,1,4,0
2749,2749,1,4,0
2750,2750,1,4,0
2751,2751,1,4,0
2752,2752,1,4,0
2753,2753,1,4,0
2754,2754,1,4,0
2755,2755,1,4,0
2756,2756,1,4,0
2757,2757,1,4,0
2758,2758,1,4,0
2759,2759,1,4,0
2760,2760,1,4,0
2761,2761,1,4,0
2762,2762,1,4,0
2763,2763,1,4,0
2764,2764,1,4,0
2765,2765,1,4,0
2766,2766,1,4,0
2767,2767,1,4,0
2768,2768,1,4,0
2769,2769,1,4,0
2770,2770,1,4,0
2771,2771,1,4,0
2772,2772,1,4,0
2773,2773,1,4,0
2774,2774,1,4,0
2775,2775,1,4,0
2776,2776,3,4,0
2777,2777,1,4,0
2778,2778,1,4,0
2779,2779,1,4,0
2780,2780,1,4,0
2781,2781,1,4,0
2782,2782,1,4,0
2783,2783,1,4,0
2784,2784,2,4,0
2785,2785,1,4,0
2786,2786,1,4,0
2787,2787,1,4,0
2788,2788,1,4,0
2789,2789,1,4,0
2790,2790,1,4,0
2791,2791,1,4,0
2792,2792,1,4,0
2793,2793,1,4,0
2794,2794,2,4,0
2795,2795,1,4,0
2796,2796,1,4,0
2797,2797,3,4,0
2798,2798,1,4,0
2799,2799,1,4,0
2800,2800,1,4,0
2801,2801,1,4,0
2802,2802,1,4,0
2803,2803,1,4,0
2804,2804,4,4,1
2805,2805,1,4,0
2806,2806,3,4,0
2807,2807,3,4,0
2808,2808,1,4,0
2809,2809,1,4,0
2810,2810,1,4,0
2811,2811,1,4,0
2812,2812,1,4,0
2813,2813,4,4,1
2814,2814,1,4,0
2815,2815,4,4,1
2816,2816,1,4,0
2817,2817,1,4,0
2818,2818,1,4,0
2819,2819,1,4,0
2820,2820,1,4,0
2821,2821,1,4,0
2822,2822,3,4,0
2823,2823,1,4,0
2824,2824,1,4,0
2825,2825,1,4,0
2826,2826,1,4,0
2827,2827,1,4,0
2828,2828,1,4,0
2829,2829,1,4,0
2830,2830,1,4,0
2831,2831,1,4,0
2832,2832,1,4,0
2833,2833,3,4,0
2834,2834,1,4,0
2835,2835,1,4,0
2836,2836,3,4,0
2837,2837,1,4,0
2838,2838,1,4,0
2839,2839,1,4,0
2840,2840,1,4,0
2841,2841,1,4,0
2842,2842,1,4,0
2843,2843,1,4,0
2844,2844,1,4,0
2845,2845,1,4,0
2846,2846,1,4,0
2847,2847,1,4,0
2848,2848,1,4,0
2849,2849,1,4,0
2850,2850,1,4,0
2851,2851,1,4,0
2852,2852,1,4,0
2853,2853,1,4,0
2854,2854,1,4,0
2855,2855,3,4,0
2856,2856,3,4,0
2857,2857,1,4,0
2858,2858,1,4,0
2859,2859,1,4,0
2860,2860,1,4,0
2861,2861,1,4,0
2862,2862,1,4,0
2863,2863,1,4,0
2864,2864,1,4,0
2865,2865,1,4,0
2866,2866,1,4,0
2867,2867,1,4,0
2868,2868,1,4,0
2869,2869,1,4,0
2870,2870,1,4,0
2871,2871,1,4,0
2872,2872,3,4,0
2873,2873,1,4,0
2874,2874,1,4,0
2875,2875,3,4,0
2876,2876,1,4,0
2877,2877,1,4,0
2878,2878,1,4,0
2879,2879,1,4,0
2880,2880,1,4,0
2881,2881,1,4,0
2882,2882,1,4,0
2883,2883,1,4,0
2884,2884,1,4,0
2885,2885,1,4,0
2886,2886,1,4,0
2887,2887,1,4,0
2888,2888,1,4,0
2889,2889,1,4,0
2890,2890,4,4,1
2891,2891,1,4,0
2892,2892,1,4,0
2893,2893,1,4,0
2894,2894,1,4,0
2895,2895,1,4,0
2896,2896,1,4,0
2897,2897,1,4,0
2898,2898,1,4,0
2899,2899,1,4,0
2900,2900,1,4,0
2901,2901,1,4,0
2902,2902,1,4,0
2903,2903,1,4,0
2904,2904,1,4,0
2905,2905,1,4,0
2906,2906,1,4,0
2907,2907,1,4,0
2908,2908,1,4,0
2909,2909,1,4,0
2910,2910,1,4,0
2911,2911,1,4,0
2912,2912,3,4,0
2913,2913,1,4,0
2914,2914,1,4,0
2915,2915,1,4,0
2916,2916,1,4,0
2917,2917,1,4,0
2918,2918,1,4,0
2919,2919,1,4,0
2920,2920,1,4,0
2921,2921,1,4,0
2922,2922,1,4,0
2923,2923,1,4,0
2924,2924,1,4,0
2925,2925,1,4,0
2926,2926,4,4,1
2927,2927,1,4,0
2928,2928,2,4,0
2929,2929,4,4,1
2930,2930,3,4,0
2931,2931,1,4,0
2932,2932,2,4,0
2933,2933,1,4,0
2934,2934,1,4,0
2935,2935,2,4,0
2936,2936,2,4,0
2937,2937,1,4,0
2938,2938,1,4,0
2939,2939,1,4,0
2940,2940,2,4,0
2941,2941,1,4,0
2942,2942,1,4,0
2943,2943,1,4,0
2944,2944,1,4,0
2945,2945,1,4,0
2946,2946,1,4,0
2947,2947,1,4,0
2948,2948,1,4,0
2949,2949,1,4,0
2950,2950,3,4,0
2951,2951,3,4,0
2952,2952,1,4,0
2953,2953,3,4,0
2954,2954,1,4,0
2955,2955,1,4,0
2956,2956,1,4,0
2957,2957,3,4,0
2958,2958,1,4,0
2959,2959,1,4,0
2960,2960,1,4,0
2961,2961,1,4,0
2962,2962,1,4,0
2963,2963,1,4,0
2964,2964,1,4,0
2965,2965,1,4,0
2966,2966,1,4,0
2967,2967,1,4,0
2968,2968,1,4,0
2969,2969,3,4,0
2970,2970,1,4,0
2971,2971,3,4,0
2972,2972,1,4,0
2973,2973,1,4,0
2974,2974,1,4,0
2975,2975,1,4,0
2976,2976,1,4,0
2977,2977,3,4,0
2978,2978,1,4,0
2979,2979,3,4,0
2980,2980,1,4,0
2981,2981,1,4,0
2982,2982,1,4,0
2983,2983,1,4,0
2984,2984,2,4,0
2985,2985,1,4,0
2986,2986,1,4,0
2987,2987,1,4,0
2988,2988,1,4,0
2989,2989,1,4,0
2990,2990,1,4,0
2991,2991,1,4,0
2992,2992,1,4,0
2993,2993,3,4,0
2994,2994,1,4,0
2995,2995,1,4,0
2996,2996,1,4,0
2997,2997,1,4,0
2998,2998,2,4,0
2999,2999,3,4,0
3000,3000,1,4,0
3001,3001,1,4,0
3002,3002,1,4,0
3003,3003,3,4,0
3004,3004,1,4,0
3005,3005,1,4,0
3006,3006,1,4,0
3007,3007,1,4,0
3008,3008,1,4,0
3009,3009,1,4,0
3010,3010,1,4,0
3011,3011,1,4,0
3012,3012,1,4,0
3013,3013,1,4,0
3014,3014,1,4,0
3015,3015,1,4,0
3016,3016,1,4,0
3017,3017,1,4,0
3018,3018,1,4,0
3019,3019,1,4,0
3020,3020,1,4,0
3021,3021,1,4,0
3022,3022,1,4,0
3023,3023,1,4,0
3024,3024,1,4,0
3025,3025,1,4,0
3026,3026,1,4,0
3027,3027,1,4,0
3028,3028,1,4,0
3029,3029,1,4,0
3030,3030,1,4,0
3031,3031,1,4,0
3032,3032,1,4,0
3033,3033,2,4,0
3034,3034,1,4,0
3035,3035,1,4,0
3036,3036,1,4,0
3037,3037,1,4,0
3038,3038,1,4,0
3039,3039,2,4,0
3040,3040,1,4,0
3041,3041,1,4,0
3042,3042,1,4,0
3043,3043,2,4,0
3044,3044,1,4,0
3045,3045,1,4,0
3046,3046,1,4,0
3047,3047,1,4,0
3048,3048,1,4,0
3049,3049,4,4,1
3050,3050,1,4,0
3051,3051,1,4,0
3052,3052,1,4,0
3053,3053,1,4,0
3054,3054,1,4,0
3055,3055,1,4,0
3056,3056,3,4,0
3057,3057,1,4,0
3058,3058,1,4,0
3059,3059,1,4,0
3060,3060,1,4,0
3061,3061,2,4,0
3062,3062,2,4,0
3063,3063,1,4,0
3064,3064,1,4,0
3065,3065,1,4,0
3066,3066,1,4,0
3067,3067,1,4,0
3068,3068,1,4,0
3069,3069,1,4,0
3070,3070,1,4,0
3071,3071,1,4,0
3072,3072,2,4,0
3073,3073,1,4,0
3074,3074,1,4,0
3075,3075,1,4,0
3076,3076,1,4,0
3077,3077,1,4,0
3078,3078,1,4,0
3079,3079,1,4,0
3080,3080,1,4,0
3081,3081,1,4,0
3082,3082,1,4,0
3083,3083,1,4,0
3084,3084,2,4,0
3085,3085,1,4,0
3086,3086,1,4,0
3087,3087,1,4,0
3088,3088,1,4,0
3089,3089,1,4,0
3090,3090,1,4,0
3091,3091,3,4,0
3092,3092,1,4,0
3093,3093,1,4,0
3094,3094,3,4,0
3095,3095,1,4,0
3096,3096,1,4,0
3097,3097,1,4,0
3098,3098,1,4,0
3099,3099,1,4,0
3100,3100,1,4,0
3101,3101,1,4,0
3102,3102,1,4,0
3103,3103,1,4,0
3104,3104,1,4,0
3105,3105,1,4,0
3106,3106,1,4,0
3107,3107,1,4,0
3108,3108,1,4,0
3109,3109,1,4,0
3110,3110,1,4,0
3111,3111,1,4,0
3112,3112,1,4,0
3113,3113,1,4,0
3114,3114,1,4,0
3115,3115,1,4,0
3116,3116,1,4,0
3117,3117,1,4,0
3118,3118,1,4,0
3119,3119,1,4,0
3120,3120,1,4,0
3121,3121,1,4,0
3122,3122,1,4,0
3123,3123,1,4,0
3124,3124,1,4,0
3125,3125,3,4,0
3126,3126,1,4,0
3127,3127,1,4,0
3128,3128,1,4,0
3129,3129,3,4,0
3130,3130,1,4,0
3131,3131,1,4,0
3132,3132,1,4,0
3133,3133,1,4,0
3134,3134,3,4,0
3135,3135,1,4,0
3136,3136,1,4,0
3137,3137,1,4,0
3138,3138,1,4,0
3139,3139,1,4,0
3140,3140,3,4,0
3141,3141,1,4,0
3142,3142,1,4,0
3143,3143,1,4,0
3144,3144,1,4,0
3145,3145,1,4,0
3146,3146,1,4,0
3147,3147,1,4,0
3148,3148,1,4,0
3149,3149,1,4,0
3150,3150,1,4,0
3151,3151,1,4,0
3152,3152,1,4,0
3153,3153,1,4,0
3154,3154,1,4,0
3155,3155,1,4,0
3156,3156,1,4,0
3157,3157,1,4,0
3158,3158,1,4,0
3159,3159,1,4,0
3160,3160,1,4,0
3161,3161,1,4,0
3162,3162,1,4,0
3163,3163,1,4,0
3164,3164,1,4,0
3165,3165,1,4,0
3166,3166,1,4,0
3167,3167,1,4,0
3168,3168,1,4,0
3169,3169,1,4,0
3170,3170,1,4,0
3171,3171,1,4,0
3172,3172,1,4,0
3173,3173,1,4,0
3174,3174,1,4,0
3175,3175,1,4,0
3176,3176,3,4,0
3177,3177,1,4,0
3178,3178,1,4,0
3179,3179,1,4,0
3180,3180,1,4,0
3181,3181,3,4,0
3182,3182,1,4,0
3183,3183,1,4,0
3184,3184,1,4,0
3185,3185,1,4,0
3186,3186,1,4,0
3187,3187,1,4,0
3188,3188,1,4,0
3189,3189,1,4,0
3190,3190,1,4,0
3191,3191,1,4,0
3192,3192,1,4,0
3193,3193,1,4,0
3194,3194,1,4,0
3195,3195,1,4,0
3196,3196,1,4,0
3197,3197,1,4,0
3198,3198,1,4,0
3199,3199,1,4,0
3200,3200,1,4,0
3201,3201,1,4,0
3202,3202,1,4,0
3203,3203,1,4,0
3204,3204,1,4,0
3205,3205,1,4,0
3206,3206,1,4,0
3207,3207,1,4,0
3208,3208,1,4,0
3209,3209,1,4,0
3210,3210,1,4,0
3211,3211,1,4,0
3212,3212,1,4,0
3213,3213,1,4,0
3214,3214,1,4,0
3215,3215,1,4,0
3216,3216,1,4,0
3217,3217,1,4,0
3218,3218,1,4,0
3219,3219,1,4,0
3220,3220,1,4,0
3221,3221,1,4,0
3222,3222,1,4,0
3223,3223,1,4,0
3224,3224,1,4,0
3225,3225,1,4,0
3226,3226,1,4,0
3227,3227,1,4,0
3228,3228,1,4,0
3229,3229,1,4,0
3230,3230,1,4,0
3231,3231,1,4,0
3232,3232,1,4,0
3233,3233,1,4,0
3234,3234,1,4,0
3235,3235,1,4,0
3236,3236,1,4,0
3237,3237,1,4,0
3238,3238,1,4,0
3239,3239,1,4,0
3240,3240,1,4,0
3241,3241,1,4,0
3242,3242,1,4,0
3243,3243,1,4,0
3244,3244,1,4,0
3245,3245,1,4,0
3246,3246,1,4,0
3247,3247,1,4,0
3248,3248,1,4,0
3249,3249,1,4,0
3250,3250,4,4,1
3251,3251,3,4,0
3252,3252,1,4,0
3253,3253,1,4,0
3254,3254,1,4,0
3255,3255,1,4,0
3256,3256,1,4,0
3257,3257,1,4,0
3258,3258,1,4,0
3259,3259,1,4,0
3260,3260,1,4,0
3261,3261,1,4,0
3262,3262,1,4,0
3263,3263,1,4,0
3264,3264,1,4,0
3265,3265,1,4,0
3266,3266,1,4,0
3267,3267,1,4,0
3268,3268,1,4,0
3269,3269,1,4,0
3270,3270,1,4,0
3271,3271,1,4,0
3272,3272,1,4,0
3273,3273,1,4,0
3274,3274,1,4,0
3275,3275,1,4,0
3276,3276,1,4,0
3277,3277,1,4,0
3278,3278,1,4,0
3279,3279,1,4,0
3280,3280,1,4,0
3281,3281,1,4,0
3282,3282,1,4,0
3283,3283,1,4,0
3284,3284,1,4,0
3285,3285,1,4,0
3286,3286,1,4,0
3287,3287,1,4,0
3288,3288,1,4,0
3289,3289,1,4,0
3290,3290,1,4,0
3291,3291,3,4,0
3292,3292,1,4,0
3293,3293,1,4,0
3294,3294,1,4,0
3295,3295,1,4,0
3296,3296,1,4,0
3297,3297,1,4,0
3298,3298,2,4,0
3299,3299,1,4,0
3300,3300,1,4,0
3301,3301,1,4,0
3302,3302,1,4,0
3303,3303,1,4,0
3304,3304,1,4,0
3305,3305,1,4,0
3306,3306,1,4,0
3307,3307,1,4,0
3308,3308,1,4,0
3309,3309,1,4,0
3310,3310,1,4,0
3311,3311,1,4,0
3312,3312,1,4,0
3313,3313,1,4,0
3314,3314,1,4,0
3315,3315,1,4,0
3316,3316,1,4,0
3317,3317,1,4,0
3318,3318,3,4,0
3319,3319,2,4,0
3320,3320,2,4,0
3321,3321,2,4,0
3322,3322,2,4,0
3323,3323,2,4,0
3324,3324,4,4,1
3325,3325,4,4,1
3326,3326,2,4,0
3327,3327,2,4,0
3328,3328,1,4,0
3329,3329,1,4,0
3330,3330,3,4,0
3331,3331,1,4,0
3332,3332,1,4,0
3333,3333,1,4,0
3334,3334,1,4,0
3335,3335,1,4,0
3336,3336,1,4,0
3337,3337,1,4,0
3338,3338,1,4,0
3339,3339,1,4,0
3340,3340,3,4,0
3341,3341,3,4,0
3342,3342,3,4,0
3343,3343,3,4,0
3344,3344,1,4,0
3345,3345,1,4,0
3346,3346,1,4,0
3347,3347,2,4,0
3348,3348,1,4,0
3349,3349,1,4,0
3350,3350,3,4,0
3351,3351,4,4,1
3352,3352,4,4,1
3353,3353,1,4,0
3354,3354,1,4,0
3355,3355,1,4,0
3356,3356,1,4,0
3357,3357,3,4,0
3358,3358,3,4,0
3359,3359,3,4,0
3360,3360,4,4,1
3361,3361,1,4,0
3362,3362,1,4,0
3363,3363,1,4,0
3364,3364,1,4,0
3365,3365,1,4,0
3366,3366,1,4,0
3367,3367,1,4,0
3368,3368,2,4,0
3369,3369,1,4,0
3370,3370,1,4,0
3371,3371,1,4,0
3372,3372,1,4,0
3373,3373,1,4,0
3374,3374,1,4,0
3375,3375,1,4,0
3376,3376,1,4,0
3377,3377,1,4,0
3378,3378,1,4,0
3379,3379,1,4,0
3380,3380,1,4,0
3381,3381,1,4,0
3382,3382,1,4,0
3383,3383,1,4,0
3384,3384,1,4,0
3385,3385,1,4,0
3386,3386,1,4,0
3387,3387,1,4,0
3388,3388,1,4,0
3389,3389,1,4,0
3390,3390,1,4,0
3391,3391,1,4,0
3392,3392,1,4,0
3393,3393,1,4,0
3394,3394,3,4,0
3395,3395,1,4,0
3396,3396,1,4,0
3397,3397,3,4,0
3398,3398,1,4,0
3399,3399,1,4,0
3400,3400,3,4,0
3401,3401,3,4,0
3402,3402,3,4,0
3403,3403,1,4,0
3404,3404,3,4,0
3405,3405,3,4,0
3406,3406,3,4,0
3407,3407,3,4,0
3408,3408,3,4,0
3409,3409,3,4,0
3410,3410,3,4,0
3411,3411,1,4,0
3412,3412,4,4,1
3413,3413,4,4,1
3414,3414,1,4,0
3415,3415,1,4,0
3416,3416,3,4,0
3417,3417,2,4,0
3418,3418,2,4,0
3419,3419,2,4,0
3420,3420,1,4,0
3421,3421,1,4,0
3422,3422,1,4,0
3423,3423,1,4,0
3424,3424,1,4,0
3425,3425,1,4,0
3426,3426,1,4,0
3427,3427,1,4,0
3428,3428,1,4,0
3429,3429,1,4,0
3430,3430,1,4,0
3431,3431,1,4,0
3432,3432,1,4,0
3433,3433,1,4,0
3434,3434,1,4,0
3435,3435,1,4,0
3436,3436,1,4,0
3437,3437,1,4,0
3438,3438,1,4,0
3439,3439,1,4,0
3440,3440,3,4,0
3441,3441,1,4,0
3442,3442,3,4,0
3443,3443,1,4,0
3444,3444,1,4,0
3445,3445,1,4,0
3446,3446,1,4,0
3447,3447,1,4,0
3448,3448,1,4,0
3449,3449,1,4,0
3450,3450,1,4,0
3451,3451,1,4,0
3452,3452,1,4,0
3453,3453,1,4,0
3454,3454,1,4,0
3455,3455,1,4,0
3456,3456,1,4,0
3457,3457,1,4,0
3458,3458,1,4,0
3459,3459,1,4,0
3460,3460,1,4,0
3461,3461,1,4,0
3462,3462,1,4,0
3463,3463,1,4,0
3464,3464,1,4,0
3465,3465,1,4,0
3466,3466,1,4,0
3467,3467,1,4,0
3468,3468,1,4,0
3469,3469,1,4,0
3470,3470,1,4,0
3471,3471,1,4,0
3472,3472,1,4,0
3473,3473,1,4,0
3474,3474,4,4,1
3475,3475,1,4,0
3476,3476,1,4,0
3477,3477,2,4,0
3478,3478,1,4,0
3479,3479,1,4,0
3480,3480,1,4,0
3481,3481,1,4,0
3482,3482,1,4,0
3483,3483,1,4,0
3484,3484,1,4,0
3485,3485,1,4,0
3486,3486,1,4,0
3487,3487,1,4,0
3488,3488,1,4,0
3489,3489,1,4,0
3490,3490,1,4,0
3491,3491,1,4,0
3492,3492,1,4,0
3493,3493,1,4,0
3494,3494,1,4,0
3495,3495,1,4,0
3496,3496,1,4,0
3497,3497,1,4,0
3498,3498,1,4,0
3499,3499,1,4,0
3500,3500,1,4,0
3501,3501,1,4,0
3502,3502,1,4,0
3503,3503,1,4,0
3504,3504,1,4,0
3505,3505,1,4,0
3506,3506,1,4,0
3507,3507,4,4,1
3508,3508,1,4,0
3509,3509,1,4,0
3510,3510,3,4,0
3511,3511,1,4,0
3512,3512,1,4,0
3513,3513,1,4,0
3514,3514,1,4,0
3515,3515,1,4,0
3516,3516,1,4,0
3517,3517,1,4,0
3518,3518,1,4,0
3519,3519,1,4,0
3520,3520,1,4,0
3521,3521,1,4,0
3522,3522,1,4,0
3523,3523,1,4,0
3524,3524,1,4,0
3525,3525,1,4,0
3526,3526,1,4,0
3527,3527,1,4,0
3528,3528,1,4,0
3529,3529,1,4,0
3530,3530,1,4,0
3531,3531,1,4,0
3532,3532,1,4,0
3533,3533,1,4,0
3534,3534,1,4,0
3535,3535,1,4,0
3536,3536,1,4,0
3537,3537,2,4,0
3538,3538,1,4,0
3539,3539,3,4,0
3540,3540,3,4,0
3541,3541,1,4,0
3542,3542,1,4,0
3543,3543,1,4,0
3544,3544,1,4,0
3545,3545,1,4,0
3546,3546,1,4,0
3547,3547,1,4,0
3548,3548,1,4,0
3549,3549,1,4,0
3550,3550,3,4,0
3551,3551,1,4,0
3552,3552,1,4,0
3553,3553,1,4,0
3554,3554,1,4,0
3555,3555,1,4,0
3556,3556,1,4,0
3557,3557,1,4,0
3558,3558,1,4,0
3559,3559,1,4,0
3560,3560,2,4,0
3561,3561,2,4,0
3562,3562,2,4,0
3563,3563,1,4,0
3564,3564,1,4,0
3565,3565,1,4,0
3566,3566,1,4,0
3567,3567,1,4,0
3568,3568,1,4,0
3569,3569,1,4,0
3570,3570,1,4,0
3571,3571,1,4,0
3572,3572,1,4,0
3573,3573,1,4,0
3574,3574,2,4,0
3575,3575,1,4,0
3576,3576,1,4,0
3577,3577,1,4,0
3578,3578,1,4,0
3579,3579,1,4,0
3580,3580,1,4,0
3581,3581,1,4,0
3582,3582,1,4,0
3583,3583,1,4,0
3584,3584,1,4,0
3585,3585,1,4,0
3586,3586,3,4,0
3587,3587,3,4,0
3588,3588,1,4,0
3589,3589,1,4,0
3590,3590,1,4,0
3591,3591,1,4,0
3592,3592,1,4,0
3593,3593,1,4,0
3594,3594,1,4,0
3595,3595,1,4,0
3596,3596,1,4,0
3597,3597,2,4,0
3598,3598,2,4,0
3599,3599,1,4,0
3600,3600,1,4,0
3601,3601,1,4,0
3602,3602,1,4,0
3603,3603,1,4,0
3604,3604,1,4,0
3605,3605,1,4,0
3606,3606,1,4,0
3607,3607,1,4,0
3608,3608,1,4,0
3609,3609,2,4,0
3610,3610,1,4,0
3611,3611,1,4,0
3612,3612,2,4,0
3613,3613,3,4,0
3614,3614,3,4,0
3615,3615,1,4,0
3616,3616,1,4,0
3617,3617,1,4,0
3618,3618,1,4,0
3619,3619,1,4,0
3620,3620,1,4,0
3621,3621,1,4,0
3622,3622,1,4,0
3623,3623,1,4,0
3624,3624,1,4,0
3625,3625,2,4,0
3626,3626,1,4,0
3627,3627,1,4,0
3628,3628,3,4,0
3629,3629,1,4,0
3630,3630,1,4,0
3631,3631,1,4,0
3632,3632,1,4,0
3633,3633,1,4,0
3634,3634,1,4,0
3635,3635,1,4,0
3636,3636,1,4,0
3637,3637,1,4,0
3638,3638,1,4,0
3639,3639,3,4,0
3640,3640,2,4,0
3641,3641,3,4,0
3642,3642,3,4,0
3643,3643,3,4,0
3644,3644,3,4,0
3645,3645,3,4,0
3646,3646,1,4,0
3647,3647,1,4,0
3648,3648,1,4,0
3649,3649,1,4,0
3650,3650,1,4,0
3651,3651,3,4,0
3652,3652,1,4,0
3653,3653,1,4,0
3654,3654,1,4,0
3655,3655,1,4,0
3656,3656,3,4,0
3657,3657,3,4,0
3658,3658,1,4,0
3659,3659,1,4,0
3660,3660,1,4,0
3661,3661,1,4,0
3662,3662,3,4,0
3663,3663,2,4,0
3664,3664,3,4,0
3665,3665,3,4,0
3666,3666,3,4,0
3667,3667,3,4,0
3668,3668,3,4,0
3669,3669,3,4,0
3670,3670,3,4,0
3671,3671,3,4,0
3672,3672,1,4,0
3673,3673,3,4,0
3674,3674,3,4,0
3675,3675,3,4,0
3676,3676,1,4,0
3677,3677,3,4,0
3678,3678,3,4,0
3679,3679,3,4,0
3680,3680,3,4,0
3681,3681,3,4,0
3682,3682,3,4,0
3683,3683,1,4,0
3684,3684,1,4,0
3685,3685,1,4,0
3686,3686,1,4,0
3687,3687,2,4,0
3688,3688,1,4,0
3689,3689,3,4,0
3690,3690,1,4,0
3691,3691,1,4,0
3692,3692,1,4,0
3693,3693,1,4,0
3694,3694,1,4,0
3695,3695,1,4,0
3696,3696,1,4,0
3697,3697,2,4,0
3698,3698,1,4,0
3699,3699,1,4,0
3700,3700,1,4,0
3701,3701,1,4,0
3702,3702,1,4,0
3703,3703,1,4,0
3704,3704,1,4,0
3705,3705,1,4,0
3706,3706,1,4,0
3707,3707,3,4,0
3708,3708,1,4,0
3709,3709,3,4,0
3710,3710,1,4,0
3711,3711,1,4,0
3712,3712,1,4,0
3713,3713,1,4,0
3714,3714,1,4,0
3715,3715,1,4,0
3716,3716,1,4,0
3717,3717,1,4,0
3718,3718,2,4,0
3719,3719,1,4,0
3720,3720,1,4,0
3721,3721,1,4,0
3722,3722,1,4,0
3723,3723,1,4,0
3724,3724,1,4,0
3725,3725,1,4,0
3726,3726,1,4,0
3727,3727,1,4,0
3728,3728,1,4,0
3729,3729,1,4,0
3730,3730,1,4,0
3731,3731,1,4,0
3732,3732,1,4,0
3733,3733,1,4,0
3734,3734,1,4,0
3735,3735,3,4,0
3736,3736,1,4,0
3737,3737,1,4,0
3738,3738,1,4,0
3739,3739,1,4,0
3740,3740,1,4,0
3741,3741,1,4,0
3742,3742,1,4,0
3743,3743,1,4,0
3744,3744,1,4,0
3745,3745,1,4,0
3746,3746,1,4,0
3747,3747,1,4,0
3748,3748,1,4,0
3749,3749,1,4,0
3750,3750,1,4,0
3751,3751,2,4,0
3752,3752,1,4,0
3753,3753,1,4,0
3754,3754,1,4,0
3755,3755,1,4,0
3756,3756,1,4,0
3757,3757,1,4,0
3758,3758,1,4,0
3759,3759,1,4,0
3760,3760,1,4,0
3761,3761,2,4,0
3762,3762,1,4,0
3763,3763,1,4,0
3764,3764,1,4,0
3765,3765,1,4,0
3766,3766,1,4,0
3767,3767,1,4,0
3768,3768,1,4,0
3769,3769,1,4,0
3770,3770,1,4,0
3771,3771,1,4,0
3772,3772,1,4,0
3773,3773,1,4,0
3774,3774,1,4,0
3775,3775,1,4,0
3776,3776,1,4,0
3777,3777,1,4,0
3778,3778,1,4,0
3779,3779,1,4,0
3780,3780,3,4,0
3781,3781,1,4,0
3782,3782,2,4,0
3783,3783,1,4,0
3784,3784,1,4,0
3785,3785,1,4,0
3786,3786,1,4,0
3787,3787,1,4,0
3788,3788,1,4,0
3789,3789,1,4,0
3790,3790,1,4,0
3791,3791,1,4,0
3792,3792,1,4,0
3793,3793,1,4,0
3794,3794,2,4,0
3795,3795,1,4,0
3796,3796,1,4,0
3797,3797,1,4,0
3798,3798,1,4,0
3799,3799,1,4,0
3800,3800,1,4,0
3801,3801,2,4,0
3802,3802,1,4,0
3803,3803,1,4,0
3804,3804,1,4,0
3805,3805,1,4,0
3806,3806,1,4,0
3807,3807,1,4,0
3808,3808,1,4,0
3809,3809,1,4,0
3810,3810,1,4,0
3811,3811,1,4,0
3812,3812,1,4,0
3813,3813,1,4,0
3814,3814,1,4,0
3815,3815,1,4,0
3816,3816,1,4,0
3817,3817,1,4,0
3818,3818,1,4,0
3819,3819,1,4,0
3820,3820,1,4,0
3821,3821,1,4,0
3822,3822,1,4,0
3823,3823,1,4,0
3824,3824,1,4,0
3825,3825,1,4,0
3826,3826,1,4,0
3827,3827,1,4,0
3828,3828,1,4,0
3829,3829,1,4,0
3830,3830,1,4,0
3831,3831,1,4,0
3832,3832,1,4,0
3833,3833,1,4,0
3834,3834,1,4,0
3835,3835,1,4,0
3836,3836,1,4,0
3837,3837,1,4,0
3838,3838,1,4,0
3839,3839,1,4,0
3840,3840,1,4,0
3841,3841,1,4,0
3842,3842,1,4,0
3843,3843,1,4,0
3844,3844,1,4,0
3845,3845,1,4,0
3846,3846,1,4,0
3847,3847,1,4,0
3848,3848,1,4,0
3849,3849,1,4,0
3850,3850,1,4,0
3851,3851,1,4,0
3852,3852,1,4,0
3853,3853,1,4,0
3854,3854,1,4,0
3855,3855,1,4,0
3856,3856,1,4,0
3857,3857,2,4,0
3858,3858,1,4,0
3859,3859,1,4,0
3860,3860,1,4,0
3861,3861,1,4,0
3862,3862,1,4,0
3863,3863,1,4,0
3864,3864,1,4,0
3865,3865,1,4,0
3866,3866,1,4,0
3867,3867,1,4,0
3868,3868,1,4,0
3869,3869,1,4,0
3870,3870,1,4,0
3871,3871,1,4,0
3872,3872,1,4,0
3873,3873,1,4,0
3874,3874,1,4,0
3875,3875,1,4,0
3876,3876,3,4,0
3877,3877,1,4,0
3878,3878,1,4,0
3879,3879,1,4,0
3880,3880,1,4,0
3881,3881,1,4,0
3882,3882,1,4,0
3883,3883,1,4,0
3884,3884,1,4,0
3885,3885,1,4,0
3886,3886,1,4,0
3887,3887,1,4,0
3888,3888,1,4,0
3889,3889,1,4,0
3890,3890,1,4,0
3891,3891,1,4,0
3892,3892,1,4,0
3893,3893,1,4,0
3894,3894,1,4,0
3895,3895,1,4,0
3896,3896,1,4,0
3897,3897,1,4,0
3898,3898,1,4,0
3899,3899,1,4,0
3900,3900,1,4,0
3901,3901,1,4,0
3902,3902,1,4,0
3903,3903,1,4,0
3904,3904,1,4,0
3905,3905,1,4,0
3906,3906,1,4,0
3907,3907,1,4,0
3908,3908,1,4,0
3909,3909,1,4,0
3910,3910,1,4,0
3911,3911,1,4,0
3912,3912,1,4,0
3913,3913,1,4,0
3914,3914,1,4,0
3915,3915,1,4,0
3916,3916,1,4,0
3917,3917,1,4,0
3918,3918,1,4,0
3919,3919,1,4,0
3920,3920,1,4,0
3921,3921,3,4,0
3922,3922,1,4,0
3923,3923,1,4,0
3924,3924,1,4,0
3925,3925,1,4,0
3926,3926,1,4,0
3927,3927,3,4,0
3928,3928,2,4,0
3929,3929,1,4,0
3930,3930,1,4,0
3931,3931,3,4,0
3932,3932,3,4,0
3933,3933,3,4,0
3934,3934,3,4,0
3935,3935,1,4,0
3936,3936,1,4,0
3937,3937,1,4,0
3938,3938,1,4,0
3939,3939,1,4,0
3940,3940,2,4,0
3941,3941,1,4,0
3942,3942,1,4,0
3943,3943,1,4,0
3944,3944,1,4,0
3945,3945,1,4,0
3946,3946,1,4,0
3947,3947,1,4,0
3948,3948,1,4,0
3949,3949,1,4,0
3950,3950,1,4,0
3951,3951,1,4,0
3952,3952,1,4,0
3953,3953,1,4,0
3954,3954,1,4,0
3955,3955,1,4,0
3956,3956,1,4,0
3957,3957,1,4,0
3958,3958,1,4,0
3959,3959,1,4,0
3960,3960,1,4,0
3961,3961,1,4,0
3962,3962,1,4,0
3963,3963,1,4,0
3964,3964,1,4,0
3965,3965,1,4,0
3966,3966,1,4,0
3967,3967,2,4,0
3968,3968,1,4,0
3969,3969,1,4,0
3970,3970,1,4,0
3971,3971,1,4,0
3972,3972,1,4,0
3973,3973,1,4,0
3974,3974,1,4,0
3975,3975,1,4,0
3976,3976,1,4,0
3977,3977,1,4,0
3978,3978,1,4,0
3979,3979,1,4,0
3980,3980,1,4,0
3981,3981,1,4,0
3982,3982,1,4,0
3983,3983,1,4,0
3984,3984,1,4,0
3985,3985,1,4,0
3986,3986,1,4,0
3987,3987,1,4,0
3988,3988,1,4,0
3989,3989,1,4,0
3990,3990,1,4,0
3991,3991,1,4,0
3992,3992,3,4,0
3993,3993,2,4,0
3994,3994,1,4,0
3995,3995,1,4,0
3996,3996,1,4,0
3997,3997,1,4,0
3998,3998,2,4,0
3999,3999,1,4,0
4000,4000,1,4,0
4001,4001,1,4,0
4002,4002,1,4,0
4003,4003,1,4,0
4004,4004,1,4,0
4005,4005,1,4,0
4006,4006,1,4,0
4007,4007,1,4,0
4008,4008,2,4,0
4009,4009,1,4,0
4010,4010,1,4,0
4011,4011,1,4,0
4012,4012,1,4,0
4013,4013,1,4,0
4014,4014,1,4,0
4015,4015,1,4,0
4016,4016,1,4,0
4017,4017,1,4,0
4018,4018,1,4,0
4019,4019,1,4,0
4020,4020,1,4,0
4021,4021,1,4,0
4022,4022,1,4,0
4023,4023,1,4,0
4024,4024,1,4,0
4025,4025,1,4,0
4026,4026,1,4,0
4027,4027,2,4,0
4028,4028,1,4,0
4029,4029,1,4,0
4030,4030,1,4,0
4031,4031,1,4,0
4032,4032,1,4,0
4033,4033,1,4,0
4034,4034,1,4,0
4035,4035,1,4,0
4036,4036,1,4,0
4037,4037,1,4,0
4038,4038,1,4,0
4039,4039,1,4,0
4040,4040,1,4,0
4041,4041,2,4,0
4042,4042,1,4,0
4043,4043,1,4,0
4044,4044,1,4,0
4045,4045,1,4,0
4046,4046,2,4,0
4047,4047,1,4,0
4048,4048,1,4,0
4049,4049,1,4,0
4050,4050,2,4,0
4051,4051,1,4,0
4052,4052,1,4,0
4053,4053,1,4,0
4054,4054,1,4,0
4055,4055,1,4,0
4056,4056,1,4,0
4057,4057,1,4,0
4058,4058,1,4,0
4059,4059,1,4,0
4060,4060,1,4,0
4061,4061,1,4,0
4062,4062,1,4,0
4063,4063,1,4,0
4064,4064,1,4,0
4065,4065,1,4,0
4066,4066,1,4,0
4067,4067,1,4,0
4068,4068,1,4,0
4069,4069,1,4,0
4070,4070,1,4,0
4071,4071,1,4,0
4072,4072,1,4,0
4073,4073,1,4,0
4074,4074,1,4,0
4075,4075,1,4,0
4076,4076,1,4,0
4077,4077,1,4,0
4078,4078,1,4,0
4079,4079,1,4,0
4080,4080,1,4,0
4081,4081,1,4,0
4082,4082,1,4,0
4083,4083,1,4,0
4084,4084,1,4,0
4085,4085,1,4,0
4086,4086,1,4,0
4087,4087,1,4,0
4088,4088,1,4,0
4089,4089,1,4,0
4090,4090,1,4,0
4091,4091,2,4,0
4092,4092,1,4,0
4093,4093,1,4,0
4094,4094,1,4,0
4095,4095,1,4,0
4096,4096,1,4,0
4097,4097,1,4,0
4098,4098,2,4,0
4099,4099,1,4,0
4100,4100,1,4,0
4101,4101,1,4,0
4102,4102,1,4,0
4103,4103,1,4,0
4104,4104,1,4,0
4105,4105,1,4,0
4106,4106,1,4,0
4107,4107,1,4,0
4108,4108,3,4,0
4109,4109,1,4,0
4110,4110,1,4,0
4111,4111,1,4,0
4112,4112,1,4,0
4113,4113,2,4,0
4114,4114,1,4,0
4115,4115,1,4,0
4116,4116,1,4,0
4117,4117,1,4,0
4118,4118,1,4,0
4119,4119,1,4,0
4120,4120,1,4,0
4121,4121,1,4,0
4122,4122,1,4,0
4123,4123,1,4,0
4124,4124,1,4,0
4125,4125,1,4,0
4126,4126,1,4,0
4127,4127,1,4,0
4128,4128,1,4,0
4129,4129,1,4,0
4130,4130,1,4,0
4131,4131,1,4,0
4132,4132,1,4,0
4133,4133,1,4,0
4134,4134,1,4,0
4135,4135,1,4,0
4136,4136,1,4,0
4137,4137,1,4,0
4138,4138,1,4,0
4139,4139,1,4,0
4140,4140,1,4,0
4141,4141,1,4,0
4142,4142,1,4,0
4143,4143,1,4,0
4144,4144,1,4,0
4145,4145,1,4,0
4146,4146,2,4,0
4147,4147,1,4,0
4148,4148,1,4,0
4149,4149,1,4,0
4150,4150,1,4,0
4151,4151,1,4,0
4152,4152,2,4,0
4153,4153,1,4,0
4154,4154,1,4,0
4155,4155,1,4,0
4156,4156,1,4,0
4157,4157,1,4,0
4158,4158,1,4,0
4159,4159,1,4,0
4160,4160,1,4,0
4161,4161,1,4,0
4162,4162,1,4,0
4163,4163,1,4,0
4164,4164,1,4,0
4165,4165,1,4,0
4166,4166,1,4,0
4167,4167,1,4,0
4168,4168,1,4,0
4169,4169,2,4,0
4170,4170,2,4,0
4171,4171,1,4,0
4172,4172,1,4,0
4173,4173,2,4,0
4174,4174,1,4,0
4175,4175,1,4,0
4176,4176,1,4,0
4177,4177,1,4,0
4178,4178,1,4,0
4179,4179,1,4,0
4180,4180,1,4,0
4181,4181,1,4,0
4182,4182,1,4,0
4183,4183,1,4,0
4184,4184,1,4,0
4185,4185,1,4,0
4186,4186,1,4,0
4187,4187,1,4,0
4188,4188,1,4,0
4189,4189,1,4,0
4190,4190,1,4,0
4191,4191,1,4,0
4192,4192,1,4,0
4193,4193,3,4,0
4194,4194,1,4,0
4195,4195,1,4,0
4196,4196,3,4,0
4197,4197,1,4,0
4198,4198,1,4,0
4199,4199,1,4,0
4200,4200,1,4,0
4201,4201,1,4,0
4202,4202,1,4,0
4203,4203,1,4,0
4204,4204,1,4,0
4205,4205,1,4,0
4206,4206,1,4,0
4207,4207,1,4,0
4208,4208,1,4,0
4209,4209,3,4,0
4210,4210,1,4,0
4211,4211,1,4,0
4212,4212,1,4,0
4213,4213,1,4,0
4214,4214,1,4,0
4215,4215,1,4,0
4216,4216,1,4,0
4217,4217,2,4,0
4218,4218,2,4,0
4219,4219,1,4,0
4220,4220,1,4,0
4221,4221,1,4,0
4222,4222,1,4,0
4223,4223,1,4,0
4224,4224,1,4,0
4225,4225,1,4,0
4226,4226,1,4,0
4227,4227,1,4,0
4228,4228,1,4,0
4229,4229,1,4,0
4230,4230,1,4,0
4231,4231,3,4,0
4232,4232,1,4,0
4233,4233,1,4,0
4234,4234,1,4,0
4235,4235,1,4,0
4236,4236,1,4,0
4237,4237,1,4,0
4238,4238,1,4,0
4239,4239,1,4,0
4240,4240,2,4,0
4241,4241,1,4,0
4242,4242,1,4,0
4243,4243,3,4,0
4244,4244,1,4,0
4245,4245,1,4,0
4246,4246,1,4,0
4247,4247,1,4,0
4248,4248,1,4,0
4249,4249,1,4,0
4250,4250,1,4,0
4251,4251,3,4,0
4252,4252,1,4,0
4253,4253,1,4,0
4254,4254,1,4,0
4255,4255,1,4,0
4256,4256,1,4,0
4257,4257,1,4,0
4258,4258,1,4,0
4259,4259,1,4,0
4260,4260,1,4,0
4261,4261,3,4,0
4262,4262,1,4,0
4263,4263,1,4,0
4264,4264,1,4,0
4265,4265,1,4,0
4266,4266,1,4,0
4267,4267,1,4,0
4268,4268,1,4,0
4269,4269,2,4,0
4270,4270,1,4,0
4271,4271,1,4,0
4272,4272,1,4,0
4273,4273,1,4,0
4274,4274,1,4,0
4275,4275,1,4,0
4276,4276,1,4,0
4277,4277,1,4,0
4278,4278,1,4,0
4279,4279,1,4,0
4280,4280,1,4,0
4281,4281,1,4,0
4282,4282,1,4,0
4283,4283,1,4,0
4284,4284,1,4,0
4285,4285,1,4,0
4286,4286,1,4,0
4287,4287,1,4,0
4288,4288,1,4,0
4289,4289,1,4,0
4290,4290,1,4,0
4291,4291,1,4,0
4292,4292,1,4,0
4293,4293,1,4,0
4294,4294,1,4,0
4295,4295,1,4,0
4296,4296,1,4,0
4297,4297,1,4,0
4298,4298,1,4,0
4299,4299,1,4,0
4300,4300,1,4,0
4301,4301,1,4,0
4302,4302,1,4,0
4303,4303,1,4,0
4304,4304,1,4,0
4305,4305,1,4,0
4306,4306,1,4,0
4307,4307,1,4,0
4308,4308,1,4,0
4309,4309,1,4,0
4310,4310,1,4,0
4311,4311,1,4,0
4312,4312,1,4,0
4313,4313,1,4,0
4314,4314,1,4,0
4315,4315,1,4,0
4316,4316,2,4,0
4317,4317,1,4,0
4318,4318,1,4,0
4319,4319,1,4,0
4320,4320,1,4,0
4321,4321,1,4,0
4322,4322,1,4,0
4323,4323,1,4,0
4324,4324,1,4,0
4325,4325,1,4,0
4326,4326,1,4,0
4327,4327,1,4,0
4328,4328,1,4,0
4329,4329,1,4,0
4330,4330,2,4,0
4331,4331,1,4,0
4332,4332,1,4,0
4333,4333,1,4,0
4334,4334,4,4,1
4335,4335,1,4,0
4336,4336,1,4,0
4337,4337,4,4,1
4338,4338,1,4,0
4339,4339,4,4,1
4340,4340,2,4,0
4341,4341,1,4,0
4342,4342,1,4,0
4343,4343,3,4,0
4344,4344,1,4,0
4345,4345,1,4,0
4346,4346,1,4,0
4347,4347,1,4,0
4348,4348,1,4,0
4349,4349,1,4,0
4350,4350,1,4,0
4351,4351,1,4,0
4352,4352,1,4,0
4353,4353,1,4,0
4354,4354,1,4,0
4355,4355,1,4,0
4356,4356,1,4,0
4357,4357,1,4,0
4358,4358,3,4,0
4359,4359,1,4,0
4360,4360,1,4,0
4361,4361,3,4,0
4362,4362,1,4,0
4363,4363,1,4,0
4364,4364,1,4,0
4365,4365,1,4,0
4366,4366,1,4,0
4367,4367,1,4,0
4368,4368,1,4,0
4369,4369,1,4,0
4370,4370,1,4,0
4371,4371,1,4,0
4372,4372,1,4,0
4373,4373,1,4,0
4374,4374,1,4,0
4375,4375,1,4,0
4376,4376,1,4,0
4377,4377,1,4,0
4378,4378,1,4,0
4379,4379,1,4,0
4380,4380,1,4,0
4381,4381,1,4,0
4382,4382,2,4,0
4383,4383,4,4,1
4384,4384,1,4,0
4385,4385,1,4,0
4386,4386,1,4,0
4387,4387,1,4,0
4388,4388,3,4,0
4389,4389,1,4,0
4390,4390,1,4,0
4391,4391,3,4,0
4392,4392,1,4,0
4393,4393,3,4,0
4394,4394,1,4,0
4395,4395,3,4,0
4396,4396,1,4,0
4397,4397,3,4,0
4398,4398,1,4,0
4399,4399,3,4,0
4400,4400,1,4,0
4401,4401,3,4,0
4402,4402,1,4,0
4403,4403,1,4,0
4404,4404,3,4,0
4405,4405,3,4,0
4406,4406,3,4,0
4407,4407,1,4,0
4408,4408,3,4,0
4409,4409,1,4,0
4410,4410,3,4,0
4411,4411,1,4,0
4412,4412,1,4,0
4413,4413,3,4,0
4414,4414,3,4,0
4415,4415,1,4,0
4416,4416,3,4,0
4417,4417,3,4,0
4418,4418,3,4,0
4419,4419,1,4,0
4420,4420,3,4,0
4421,4421,3,4,0
4422,4422,3,4,0
4423,4423,3,4,0
4424,4424,3,4,0
4425,4425,3,4,0
4426,4426,3,4,0
4427,4427,3,4,0
4428,4428,3,4,0
4429,4429,1,4,0
4430,4430,3,4,0
4431,4431,1,4,0
4432,4432,3,4,0
4433,4433,1,4,0
4434,4434,3,4,0
4435,4435,3,4,0
4436,4436,3,4,0
4437,4437,3,4,0
4438,4438,3,4,0
4439,4439,3,4,0
4440,4440,3,4,0
4441,4441,3,4,0
4442,4442,3,4,0
4443,4443,1,4,0
4444,4444,2,4,0
4445,4445,2,4,0
4446,4446,3,4,0
4447,4447,3,4,0
4448,4448,1,4,0
4449,4449,3,4,0
4450,4450,1,4,0
4451,4451,1,4,0
4452,4452,1,4,0
4453,4453,1,4,0
4454,4454,1,4,0
4455,4455,1,4,0
4456,4456,1,4,0
4457,4457,3,4,0
4458,4458,1,4,0
4459,4459,1,4,0
4460,4460,1,4,0
4461,4461,1,4,0
4462,4462,1,4,0
4463,4463,1,4,0
4464,4464,3,4,0
4465,4465,1,4,0
4466,4466,1,4,0
4467,4467,1,4,0
4468,4468,1,4,0
4469,4469,3,4,0
4470,4470,1,4,0
4471,4471,3,4,0
4472,4472,1,4,0
4473,4473,3,4,0
4474,4474,1,4,0
4475,4475,3,4,0
4476,4476,1,4,0
4477,4477,3,4,0
4478,4478,1,4,0
4479,4479,1,4,0
4480,4480,1,4,0
4481,4481,1,4,0
4482,4482,1,4,0
4483,4483,1,4,0
4484,4484,3,4,0
4485,4485,1,4,0
4486,4486,1,4,0
4487,4487,1,4,0
4488,4488,1,4,0
4489,4489,1,4,0
4490,4490,1,4,0
4491,4491,3,4,0
4492,4492,1,4,0
4493,4493,1,4,0
4494,4494,1,4,0
4495,4495,3,4,0
4496,4496,1,4,0
4497,4497,1,4,0
4498,4498,1,4,0
4499,4499,1,4,0
