row,sample_index,label,target_pred,raw_pred,fitted_pred,target_correct,raw_correct,fitted_correct,raw_target_match,fitted_target_match,target_logit_0,raw_logit_0,fitted_logit_0,target_logit_1,raw_logit_1,fitted_logit_1,target_logit_2,raw_logit_2,fitted_logit_2,target_logit_3,raw_logit_3,fitted_logit_3,target_logit_4,raw_logit_4,fitted_logit_4
0,0,0,0,2,0,1,0,1,0,1,2.147705078125,0.0,0.8005033135414124,-1.41656494140625,0.0,-0.23042087256908417,-1.412139892578125,2.0,-0.839972734451294,-0.85693359375,2.0,-0.4451965093612671,-2.0376129150390625,0.0,-2.0334086418151855
1,1,1,1,0,0,1,0,0,0,0,-2.0074310302734375,2.0,0.6524471640586853,1.589752197265625,0.0,-0.23042087256908417,0.506134033203125,2.0,-0.839972734451294,0.0997314453125,0.0,-0.4048384130001068,-2.2212371826171875,0.0,-2.0334086418151855
2,2,0,0,2,0,1,0,1,0,1,1.4553680419921875,0.0,0.8005033135414124,-0.5661773681640625,0.0,-0.23042087256908417,-1.4375762939453125,2.0,-0.839972734451294,-0.24859619140625,2.0,-0.4451965093612671,-1.8643951416015625,0.0,-2.0334086418151855
3,3,0,0,0,0,1,1,1,1,1,2.1201934814453125,2.0,0.6524471640586853,-1.1427001953125,0.0,-0.23042087256908417,-1.510772705078125,0.0,-0.8295820355415344,-0.6127471923828125,2.0,-0.4451965093612671,-1.99810791015625,2.0,-2.037160873413086
4,4,0,0,0,0,1,1,1,1,1,0.4945526123046875,2.0,0.6524471640586853,-0.053192138671875,0.0,-0.23042087256908417,-1.0466156005859375,0.0,-0.8295820355415344,0.420928955078125,0.0,-0.4048384130001068,-2.0180816650390625,2.0,-2.037160873413086
5,5,1,1,1,0,1,1,0,1,0,-1.735443115234375,0.0,0.8005033135414124,1.76129150390625,2.0,-0.41130003333091736,-0.0648193359375,0.0,-0.8295820355415344,0.3040313720703125,0.0,-0.4048384130001068,-2.204559326171875,2.0,-2.037160873413086
6,6,1,1,2,0,1,0,0,0,0,-0.993682861328125,0.0,0.8005033135414124,1.22711181640625,0.0,-0.23042087256908417,-0.36297607421875,2.0,-0.839972734451294,0.277862548828125,0.0,-0.4048384130001068,-2.075347900390625,2.0,-2.037160873413086
7,7,0,0,0,0,1,1,1,1,1,2.326690673828125,2.0,0.6524471640586853,-1.4803314208984375,2.0,-0.41130003333091736,-1.4350433349609375,2.0,-0.839972734451294,-0.9287261962890625,2.0,-0.4451965093612671,-1.844207763671875,0.0,-2.0334086418151855
8,8,0,0,1,0,1,0,1,0,1,2.6901092529296875,0.0,0.8005033135414124,-1.908233642578125,2.0,-0.41130003333091736,-1.374603271484375,2.0,-0.839972734451294,-1.1494140625,2.0,-0.4451965093612671,-2.298583984375,2.0,-2.037160873413086
9,9,0,0,0,0,1,1,1,1,1,1.9973297119140625,2.0,0.6524471640586853,-1.0185089111328125,2.0,-0.41130003333091736,-1.5523681640625,0.0,-0.8295820355415344,-0.5255584716796875,0.0,-0.4048384130001068,-2.1485748291015625,2.0,-2.037160873413086
10,10,1,1,0,0,1,0,0,0,0,-2.0334320068359375,2.0,0.6524471640586853,1.6525726318359375,2.0,-0.41130003333091736,0.4456329345703125,2.0,-0.839972734451294,0.2709503173828125,2.0,-0.4451965093612671,-2.30792236328125,2.0,-2.037160873413086
11,11,1,1,0,0,1,0,0,0,0,-1.3136749267578125,2.0,0.6524471640586853,1.6605987548828125,2.0,-0.41130003333091736,-0.4266510009765625,2.0,-0.839972734451294,0.33544921875,2.0,-0.4451965093612671,-2.2969970703125,2.0,-2.037160873413086
12,12,0,0,2,0,1,0,1,0,1,0.8651123046875,0.0,0.8005033135414124,-0.6645965576171875,0.0,-0.23042087256908417,-0.3374786376953125,2.0,-0.839972734451294,-0.8397979736328125,2.0,-0.4451965093612671,-2.187896728515625,2.0,-2.037160873413086
13,13,1,1,0,0,1,0,0,0,0,-1.34796142578125,2.0,0.6524471640586853,1.564361572265625,0.0,-0.23042087256908417,-0.577606201171875,2.0,-0.839972734451294,0.230224609375,0.0,-0.4048384130001068,-2.0638580322265625,0.0,-2.0334086418151855
14,14,0,0,0,0,1,1,1,1,1,1.8483734130859375,2.0,0.6524471640586853,-0.896881103515625,2.0,-0.41130003333091736,-1.49957275390625,0.0,-0.8295820355415344,-0.4929046630859375,2.0,-0.4451965093612671,-1.781005859375,2.0,-2.037160873413086
15,15,2,2,0,0,1,0,0,0,0,-1.041534423828125,2.0,0.6524471640586853,0.508697509765625,2.0,-0.41130003333091736,0.81732177734375,0.0,-0.8295820355415344,0.045623779296875,2.0,-0.4451965093612671,-1.91845703125,0.0,-2.0334086418151855
16,16,0,0,0,0,1,1,1,1,1,1.0731353759765625,2.0,0.6524471640586853,-0.754425048828125,2.0,-0.41130003333091736,-0.987548828125,2.0,-0.839972734451294,-1.081787109375,2.0,-0.4451965093612671,-1.5981903076171875,2.0,-2.037160873413086
17,17,3,1,2,0,0,0,0,0,0,-1.4187164306640625,0.0,0.8005033135414124,1.5650787353515625,0.0,-0.23042087256908417,-0.23345947265625,2.0,-0.839972734451294,0.318115234375,0.0,-0.4048384130001068,-2.19232177734375,2.0,-2.037160873413086
18,18,0,0,0,0,1,1,1,1,1,1.913726806640625,2.0,0.6524471640586853,-1.259246826171875,2.0,-0.41130003333091736,-1.1171722412109375,0.0,-0.8295820355415344,-0.8839263916015625,2.0,-0.4451965093612671,-2.5701141357421875,2.0,-2.037160873413086
19,19,0,0,1,0,1,0,1,0,1,1.7889404296875,0.0,0.8005033135414124,-1.097381591796875,2.0,-0.41130003333091736,-0.921600341796875,0.0,-0.8295820355415344,-1.09033203125,0.0,-0.4048384130001068,-2.2660980224609375,2.0,-2.037160873413086
20,20,0,0,0,0,1,1,1,1,1,2.2165985107421875,2.0,0.6524471640586853,-1.4140777587890625,2.0,-0.41130003333091736,-1.5006103515625,0.0,-0.8295820355415344,-1.085205078125,0.0,-0.4048384130001068,-1.5271453857421875,2.0,-2.037160873413086
21,21,0,0,2,0,1,0,1,0,1,2.0797576904296875,0.0,0.8005033135414124,-1.408843994140625,0.0,-0.23042087256908417,-1.0697174072265625,2.0,-0.839972734451294,-0.785430908203125,2.0,-0.4451965093612671,-2.292236328125,0.0,-2.0334086418151855
22,22,0,0,0,0,1,1,1,1,1,2.5029449462890625,2.0,0.6524471640586853,-1.7333221435546875,2.0,-0.41130003333091736,-1.4979095458984375,0.0,-0.8295820355415344,-0.948638916015625,0.0,-0.4048384130001068,-2.074462890625,2.0,-2.037160873413086
23,23,1,1,1,0,1,1,0,1,0,-1.023162841796875,0.0,0.8005033135414124,1.08233642578125,2.0,-0.41130003333091736,-0.0256805419921875,0.0,-0.8295820355415344,0.3035736083984375,2.0,-0.4451965093612671,-2.186279296875,0.0,-2.0334086418151855
24,24,0,0,2,0,1,0,1,0,1,2.6957550048828125,0.0,0.8005033135414124,-1.8446502685546875,0.0,-0.23042087256908417,-1.52783203125,2.0,-0.839972734451294,-1.0441436767578125,0.0,-0.4048384130001068,-1.912078857421875,0.0,-2.0334086418151855
25,25,0,0,1,0,1,0,1,0,1,1.8171234130859375,0.0,0.8005033135414124,-1.2530670166015625,2.0,-0.41130003333091736,-1.2589263916015625,2.0,-0.839972734451294,-0.5037384033203125,0.0,-0.4048384130001068,-2.682159423828125,0.0,-2.0334086418151855
26,26,1,1,0,0,1,0,0,0,0,-1.5972900390625,2.0,0.6524471640586853,1.8698883056640625,0.0,-0.23042087256908417,-0.416900634765625,2.0,-0.839972734451294,0.2657470703125,0.0,-0.4048384130001068,-2.2310791015625,0.0,-2.0334086418151855
27,27,1,3,0,0,0,0,0,0,0,-0.6261749267578125,2.0,0.6524471640586853,-0.011993408203125,2.0,-0.41130003333091736,-0.0259857177734375,0.0,-0.8295820355415344,0.1436767578125,2.0,-0.4451965093612671,-2.2405548095703125,2.0,-2.037160873413086
28,28,3,0,0,0,0,0,0,1,1,0.875,2.0,0.6524471640586853,-1.0729827880859375,0.0,-0.23042087256908417,-1.2070159912109375,0.0,-0.8295820355415344,-0.1086883544921875,0.0,-0.4048384130001068,-1.951416015625,2.0,-2.037160873413086
29,29,1,1,1,0,1,1,0,1,0,-0.7510833740234375,0.0,0.8005033135414124,1.1570281982421875,2.0,-0.41130003333091736,-0.7752838134765625,0.0,-0.8295820355415344,0.125274658203125,0.0,-0.4048384130001068,-1.91912841796875,2.0,-2.037160873413086
30,30,0,0,4,0,1,0,1,0,1,2.034332275390625,0.0,0.8005033135414124,-1.335968017578125,0.0,-0.23042087256908417,-1.0982818603515625,0.0,-0.8295820355415344,-0.8827362060546875,0.0,-0.4048384130001068,-2.2129364013671875,2.0,-2.037160873413086
31,31,1,1,2,0,1,0,0,0,0,-1.7119293212890625,0.0,0.8005033135414124,1.6190338134765625,0.0,-0.23042087256908417,0.276031494140625,2.0,-0.839972734451294,0.1043701171875,0.0,-0.4048384130001068,-2.352203369140625,0.0,-2.0334086418151855
32,32,0,0,1,0,1,0,1,0,1,2.1996002197265625,0.0,0.8005033135414124,-1.40606689453125,2.0,-0.41130003333091736,-1.3361968994140625,2.0,-0.839972734451294,-0.9174346923828125,0.0,-0.4048384130001068,-1.9308624267578125,0.0,-2.0334086418151855
33,33,0,0,1,0,1,0,1,0,1,2.538482666015625,0.0,0.8005033135414124,-1.6320037841796875,2.0,-0.41130003333091736,-1.3801422119140625,2.0,-0.839972734451294,-0.9237060546875,2.0,-0.4451965093612671,-1.95037841796875,0.0,-2.0334086418151855
34,34,0,0,1,0,1,0,1,0,1,2.390106201171875,0.0,0.8005033135414124,-1.4842681884765625,2.0,-0.41130003333091736,-1.6432342529296875,2.0,-0.839972734451294,-0.823150634765625,0.0,-0.4048384130001068,-1.7742767333984375,0.0,-2.0334086418151855
35,35,0,0,3,0,1,0,1,0,1,2.4379425048828125,0.0,0.8005033135414124,-1.4861297607421875,0.0,-0.23042087256908417,-1.560302734375,0.0,-0.8295820355415344,-0.6828765869140625,2.0,-0.4451965093612671,-1.9053497314453125,2.0,-2.037160873413086
36,36,1,1,0,0,1,0,0,0,0,-0.523162841796875,2.0,0.6524471640586853,0.8956146240234375,2.0,-0.41130003333091736,-0.4966583251953125,2.0,-0.839972734451294,0.169097900390625,2.0,-0.4451965093612671,-2.0005950927734375,0.0,-2.0334086418151855
37,37,0,0,0,0,1,1,1,1,1,2.2982025146484375,2.0,0.6524471640586853,-1.6872406005859375,0.0,-0.23042087256908417,-1.179962158203125,0.0,-0.8295820355415344,-1.122650146484375,0.0,-0.4048384130001068,-2.336669921875,0.0,-2.0334086418151855
38,38,1,3,4,0,0,0,0,0,0,0.136871337890625,0.0,0.8005033135414124,-0.639862060546875,0.0,-0.23042087256908417,-1.0474090576171875,0.0,-0.8295820355415344,0.8764190673828125,0.0,-0.4048384130001068,-2.4944305419921875,2.0,-2.037160873413086
39,39,0,0,1,0,1,0,1,0,1,1.8088531494140625,0.0,0.8005033135414124,-1.577239990234375,2.0,-0.41130003333091736,-1.0322723388671875,2.0,-0.839972734451294,-1.367431640625,2.0,-0.4451965093612671,-1.562103271484375,2.0,-2.037160873413086
40,40,1,1,0,0,1,0,0,0,0,-1.15289306640625,2.0,0.6524471640586853,1.1346282958984375,2.0,-0.41130003333091736,-0.142059326171875,0.0,-0.8295820355415344,0.368743896484375,0.0,-0.4048384130001068,-2.2174530029296875,2.0,-2.037160873413086
41,41,0,0,2,0,1,0,1,0,1,1.0854339599609375,0.0,0.8005033135414124,-0.398406982421875,0.0,-0.23042087256908417,-0.8657684326171875,2.0,-0.839972734451294,-0.6743927001953125,0.0,-0.4048384130001068,-1.7545928955078125,2.0,-2.037160873413086
42,42,1,1,0,0,1,0,0,0,0,-1.1222381591796875,2.0,0.6524471640586853,1.3409271240234375,2.0,-0.41130003333091736,-0.41009521484375,2.0,-0.839972734451294,0.39117431640625,0.0,-0.4048384130001068,-2.1683502197265625,0.0,-2.0334086418151855
43,43,0,0,0,0,1,1,1,1,1,2.4626007080078125,2.0,0.6524471640586853,-1.7237701416015625,0.0,-0.23042087256908417,-1.429931640625,0.0,-0.8295820355415344,-1.071624755859375,0.0,-0.4048384130001068,-1.99871826171875,0.0,-2.0334086418151855
44,44,0,0,1,0,1,0,1,0,1,2.06475830078125,0.0,0.8005033135414124,-1.413116455078125,2.0,-0.41130003333091736,-1.295806884765625,0.0,-0.8295820355415344,-0.70208740234375,0.0,-0.4048384130001068,-2.3544464111328125,2.0,-2.037160873413086
45,45,0,0,2,0,1,0,1,0,1,2.685516357421875,0.0,0.8005033135414124,-1.88702392578125,0.0,-0.23042087256908417,-1.25347900390625,2.0,-0.839972734451294,-1.1016998291015625,0.0,-0.4048384130001068,-2.07855224609375,0.0,-2.0334086418151855
46,46,0,0,2,0,1,0,1,0,1,2.069732666015625,0.0,0.8005033135414124,-1.1881561279296875,0.0,-0.23042087256908417,-1.6394500732421875,2.0,-0.839972734451294,-0.5959014892578125,0.0,-0.4048384130001068,-1.7970428466796875,2.0,-2.037160873413086
47,47,1,1,2,0,1,0,0,0,0,-2.150299072265625,0.0,0.8005033135414124,1.7164154052734375,0.0,-0.23042087256908417,0.550811767578125,2.0,-0.839972734451294,0.027679443359375,2.0,-0.4451965093612671,-2.4129791259765625,0.0,-2.0334086418151855
48,48,0,0,2,0,1,0,1,0,1,2.2996673583984375,0.0,0.8005033135414124,-1.3143463134765625,0.0,-0.23042087256908417,-1.6289215087890625,2.0,-0.839972734451294,-0.6779022216796875,2.0,-0.4451965093612671,-2.1123504638671875,0.0,-2.0334086418151855
49,49,0,0,0,0,1,1,1,1,1,2.35906982421875,2.0,0.6524471640586853,-1.32232666015625,2.0,-0.41130003333091736,-1.5097198486328125,2.0,-0.839972734451294,-1.015106201171875,0.0,-0.4048384130001068,-1.921783447265625,0.0,-2.0334086418151855
50,50,0,0,0,0,1,1,1,1,1,2.4244384765625,0.0,0.8005033135414124,-1.6739044189453125,0.0,-0.23042087256908417,-1.422393798828125,0.0,-0.8295820355415344,-0.9599761962890625,0.0,-0.4048384130001068,-1.9025726318359375,0.0,-2.0334086418151855
51,51,0,0,0,0,1,1,1,1,1,2.5324554443359375,2.0,0.6524471640586853,-1.6168365478515625,0.0,-0.23042087256908417,-1.5494232177734375,2.0,-0.839972734451294,-1.11614990234375,2.0,-0.4451965093612671,-1.6821441650390625,0.0,-2.0334086418151855
52,52,1,1,3,0,1,0,0,0,0,-1.3184814453125,0.0,0.8005033135414124,1.5193023681640625,0.0,-0.23042087256908417,-0.7581939697265625,0.0,-0.8295820355415344,0.0169677734375,2.0,-0.4451965093612671,-1.85931396484375,2.0,-2.037160873413086
53,53,1,1,1,0,1,1,0,1,0,-1.4367523193359375,0.0,0.8005033135414124,1.4197540283203125,2.0,-0.41130003333091736,-0.0221405029296875,2.0,-0.839972734451294,0.3747711181640625,0.0,-0.4048384130001068,-2.1843719482421875,2.0,-2.037160873413086
54,54,0,0,0,0,1,1,1,1,1,2.648590087890625,2.0,0.6524471640586853,-1.758056640625,2.0,-0.41130003333091736,-1.517822265625,2.0,-0.839972734451294,-1.1016693115234375,0.0,-0.4048384130001068,-1.879119873046875,2.0,-2.037160873413086
55,55,0,0,1,0,1,0,1,0,1,1.82867431640625,0.0,0.8005033135414124,-0.7260894775390625,2.0,-0.41130003333091736,-1.4604644775390625,2.0,-0.839972734451294,-0.7142791748046875,2.0,-0.4451965093612671,-1.73345947265625,0.0,-2.0334086418151855
56,56,1,1,3,0,1,0,0,0,0,-0.5935516357421875,0.0,0.8005033135414124,0.625152587890625,0.0,-0.23042087256908417,-0.07818603515625,0.0,-0.8295820355415344,0.1272125244140625,2.0,-0.4451965093612671,-1.9807891845703125,0.0,-2.0334086418151855
57,57,0,0,3,0,1,0,1,0,1,2.208740234375,0.0,0.8005033135414124,-1.693206787109375,0.0,-0.23042087256908417,-1.4281463623046875,0.0,-0.8295820355415344,-0.772125244140625,2.0,-0.4451965093612671,-2.344329833984375,2.0,-2.037160873413086
58,58,1,1,0,0,1,0,0,0,0,-1.625396728515625,2.0,0.6524471640586853,1.636627197265625,0.0,-0.23042087256908417,0.0851593017578125,2.0,-0.839972734451294,0.25274658203125,0.0,-0.4048384130001068,-2.2640228271484375,0.0,-2.0334086418151855
59,59,1,1,0,0,1,0,0,0,0,-1.7289886474609375,2.0,0.6524471640586853,1.235595703125,0.0,-0.23042087256908417,0.8011932373046875,0.0,-0.8295820355415344,0.11749267578125,2.0,-0.4451965093612671,-2.0127105712890625,2.0,-2.037160873413086
60,60,0,0,0,0,1,1,1,1,1,2.8058929443359375,2.0,0.6524471640586853,-2.1366119384765625,0.0,-0.23042087256908417,-1.2884521484375,0.0,-0.8295820355415344,-1.3642120361328125,0.0,-0.4048384130001068,-2.0044403076171875,2.0,-2.037160873413086
61,61,0,0,0,0,1,1,1,1,1,1.9969329833984375,2.0,0.6524471640586853,-0.9960784912109375,2.0,-0.41130003333091736,-1.44427490234375,0.0,-0.8295820355415344,-0.67327880859375,2.0,-0.4451965093612671,-1.915313720703125,0.0,-2.0334086418151855
62,62,0,0,0,0,1,1,1,1,1,0.0742034912109375,2.0,0.6524471640586853,-0.6471710205078125,0.0,-0.23042087256908417,-0.0281524658203125,0.0,-0.8295820355415344,-1.2987823486328125,2.0,-0.4451965093612671,-1.747833251953125,0.0,-2.0334086418151855
63,63,1,1,0,0,1,0,0,0,0,-1.7340087890625,2.0,0.6524471640586853,1.30401611328125,0.0,-0.23042087256908417,0.5423583984375,2.0,-0.839972734451294,0.1432647705078125,0.0,-0.4048384130001068,-2.075347900390625,0.0,-2.0334086418151855
64,64,3,0,0,0,0,0,0,1,1,1.3146820068359375,2.0,0.6524471640586853,-1.0732421875,0.0,-0.23042087256908417,-1.1401214599609375,2.0,-0.839972734451294,-0.052978515625,0.0,-0.4048384130001068,-2.2264251708984375,0.0,-2.0334086418151855
65,65,0,0,0,0,1,1,1,1,1,1.6718902587890625,2.0,0.6524471640586853,-0.6802215576171875,0.0,-0.23042087256908417,-1.289642333984375,0.0,-0.8295820355415344,-0.5017852783203125,0.0,-0.4048384130001068,-1.9976348876953125,0.0,-2.0334086418151855
66,66,1,1,0,0,1,0,0,0,0,-1.3683319091796875,2.0,0.6524471640586853,1.6193084716796875,2.0,-0.41130003333091736,-0.5279541015625,0.0,-0.8295820355415344,0.14849853515625,2.0,-0.4451965093612671,-2.0184478759765625,2.0,-2.037160873413086
67,67,0,0,2,0,1,0,1,0,1,1.474456787109375,0.0,0.8005033135414124,-0.642242431640625,0.0,-0.23042087256908417,-1.3036346435546875,2.0,-0.839972734451294,-0.799072265625,0.0,-0.4048384130001068,-1.623931884765625,2.0,-2.037160873413086
68,68,1,1,2,0,1,0,0,0,0,-1.003387451171875,0.0,0.8005033135414124,1.1472015380859375,0.0,-0.23042087256908417,-0.18487548828125,2.0,-0.839972734451294,0.334320068359375,2.0,-0.4451965093612671,-2.1812286376953125,2.0,-2.037160873413086
69,69,0,0,2,0,1,0,1,0,1,2.467864990234375,0.0,0.8005033135414124,-1.7311553955078125,0.0,-0.23042087256908417,-1.47332763671875,2.0,-0.839972734451294,-0.92913818359375,0.0,-0.4048384130001068,-2.216705322265625,0.0,-2.0334086418151855
70,70,1,1,0,0,1,0,0,0,0,-2.027862548828125,2.0,0.6524471640586853,1.58538818359375,0.0,-0.23042087256908417,0.57464599609375,2.0,-0.839972734451294,0.116363525390625,0.0,-0.4048384130001068,-2.28662109375,2.0,-2.037160873413086
71,71,1,3,0,0,0,0,0,0,0,-0.5021820068359375,2.0,0.6524471640586853,-0.1640777587890625,2.0,-0.41130003333091736,-0.0401611328125,0.0,-0.8295820355415344,0.0727386474609375,0.0,-0.4048384130001068,-2.1582489013671875,2.0,-2.037160873413086
72,72,1,1,4,0,1,0,0,0,0,-0.3554840087890625,0.0,0.8005033135414124,0.593292236328125,0.0,-0.23042087256908417,-0.7487030029296875,0.0,-0.8295820355415344,0.255767822265625,0.0,-0.4048384130001068,-2.1907501220703125,2.0,-2.037160873413086
73,73,3,1,3,0,0,1,0,0,0,-0.4852142333984375,0.0,0.8005033135414124,0.16204833984375,0.0,-0.23042087256908417,0.0067138671875,0.0,-0.8295820355415344,-0.024749755859375,2.0,-0.4451965093612671,-1.8908843994140625,0.0,-2.0334086418151855
74,74,1,1,1,0,1,1,0,1,0,-1.423858642578125,0.0,0.8005033135414124,1.3388824462890625,2.0,-0.41130003333091736,-0.0692596435546875,0.0,-0.8295820355415344,0.045135498046875,0.0,-0.4048384130001068,-1.8811492919921875,0.0,-2.0334086418151855
75,75,0,0,0,0,1,1,1,1,1,1.4622650146484375,2.0,0.6524471640586853,-0.8779754638671875,2.0,-0.41130003333091736,-1.4676513671875,0.0,-0.8295820355415344,-0.451324462890625,0.0,-0.4048384130001068,-1.8516693115234375,0.0,-2.0334086418151855
76,76,0,0,1,0,1,0,1,0,1,1.8957366943359375,0.0,0.8005033135414124,-1.3741455078125,2.0,-0.41130003333091736,-1.1875,2.0,-0.839972734451294,-0.66131591796875,0.0,-0.4048384130001068,-2.1816253662109375,0.0,-2.0334086418151855
77,77,0,0,0,0,1,1,1,1,1,1.81500244140625,2.0,0.6524471640586853,-0.800689697265625,2.0,-0.41130003333091736,-1.2806854248046875,0.0,-0.8295820355415344,-0.811981201171875,2.0,-0.4451965093612671,-2.0402679443359375,0.0,-2.0334086418151855
78,78,0,0,1,0,1,0,1,0,1,2.193389892578125,0.0,0.8005033135414124,-1.3266448974609375,2.0,-0.41130003333091736,-1.4654388427734375,0.0,-0.8295820355415344,-1.036865234375,0.0,-0.4048384130001068,-1.5164794921875,0.0,-2.0334086418151855
79,79,0,0,1,0,1,0,1,0,1,1.9502105712890625,0.0,0.8005033135414124,-1.3507537841796875,2.0,-0.41130003333091736,-1.1753692626953125,2.0,-0.839972734451294,-1.1676788330078125,0.0,-0.4048384130001068,-1.5101470947265625,0.0,-2.0334086418151855
80,80,0,0,0,0,1,1,1,1,1,2.1794281005859375,2.0,0.6524471640586853,-1.3394622802734375,2.0,-0.41130003333091736,-1.454925537109375,2.0,-0.839972734451294,-0.793182373046875,0.0,-0.4048384130001068,-1.8809051513671875,0.0,-2.0334086418151855
81,81,0,0,1,0,1,0,1,0,1,2.4586639404296875,0.0,0.8005033135414124,-1.7974700927734375,2.0,-0.41130003333091736,-1.3430023193359375,2.0,-0.839972734451294,-1.1064910888671875,2.0,-0.4451965093612671,-2.2975616455078125,0.0,-2.0334086418151855
82,82,1,1,0,0,1,0,0,0,0,-1.8235626220703125,0.0,0.8005033135414124,1.5681304931640625,0.0,-0.23042087256908417,0.2609710693359375,0.0,-0.8295820355415344,0.0571136474609375,0.0,-0.4048384130001068,-2.0778350830078125,0.0,-2.0334086418151855
83,83,1,1,4,0,1,0,0,0,0,-1.6006317138671875,0.0,0.8005033135414124,1.668212890625,0.0,-0.23042087256908417,-0.4465179443359375,0.0,-0.8295820355415344,0.22845458984375,0.0,-0.4048384130001068,-2.072906494140625,2.0,-2.037160873413086
84,84,1,1,1,0,1,1,0,1,0,-1.7906494140625,0.0,0.8005033135414124,1.095001220703125,2.0,-0.41130003333091736,0.7220306396484375,0.0,-0.8295820355415344,0.01129150390625,2.0,-0.4451965093612671,-1.883392333984375,0.0,-2.0334086418151855
85,85,0,0,2,0,1,0,1,0,1,2.204864501953125,0.0,0.8005033135414124,-1.334869384765625,0.0,-0.23042087256908417,-1.3337249755859375,2.0,-0.839972734451294,-0.84405517578125,0.0,-0.4048384130001068,-1.89739990234375,2.0,-2.037160873413086
86,86,1,1,1,0,1,1,0,1,0,-0.894073486328125,0.0,0.8005033135414124,1.085235595703125,2.0,-0.41130003333091736,-0.49462890625,2.0,-0.839972734451294,0.189300537109375,2.0,-0.4451965093612671,-2.113861083984375,2.0,-2.037160873413086
87,87,1,1,3,0,1,0,0,0,0,-1.0256500244140625,0.0,0.8005033135414124,1.2938079833984375,0.0,-0.23042087256908417,-0.4288177490234375,0.0,-0.8295820355415344,0.388458251953125,2.0,-0.4451965093612671,-2.1601715087890625,0.0,-2.0334086418151855
88,88,0,0,0,0,1,1,1,1,1,2.4162445068359375,2.0,0.6524471640586853,-1.3937835693359375,2.0,-0.41130003333091736,-1.6839141845703125,0.0,-0.8295820355415344,-0.877471923828125,0.0,-0.4048384130001068,-1.807037353515625,2.0,-2.037160873413086
89,89,0,0,0,0,1,1,1,1,1,2.1036376953125,2.0,0.6524471640586853,-1.566619873046875,2.0,-0.41130003333091736,-1.2088470458984375,2.0,-0.839972734451294,-0.6854400634765625,2.0,-0.4451965093612671,-1.882049560546875,0.0,-2.0334086418151855
90,90,0,0,1,0,1,0,1,0,1,1.8653717041015625,0.0,0.8005033135414124,-1.045379638671875,2.0,-0.41130003333091736,-1.081634521484375,2.0,-0.839972734451294,-0.843994140625,0.0,-0.4048384130001068,-2.638916015625,0.0,-2.0334086418151855
91,91,0,0,0,0,1,1,1,1,1,2.5314178466796875,2.0,0.6524471640586853,-1.574798583984375,0.0,-0.23042087256908417,-1.3853302001953125,0.0,-0.8295820355415344,-1.0534210205078125,2.0,-0.4451965093612671,-1.866455078125,2.0,-2.037160873413086
92,92,1,1,0,0,1,0,0,0,0,-1.29742431640625,2.0,0.6524471640586853,1.3972930908203125,2.0,-0.41130003333091736,-0.5606689453125,2.0,-0.839972734451294,-0.13134765625,2.0,-0.4451965093612671,-1.7762298583984375,2.0,-2.037160873413086
93,93,2,2,0,0,1,0,0,0,0,-0.6851806640625,2.0,0.6524471640586853,0.3445281982421875,2.0,-0.41130003333091736,0.6768341064453125,2.0,-0.839972734451294,-0.122161865234375,2.0,-0.4451965093612671,-1.844268798828125,0.0,-2.0334086418151855
94,94,0,0,0,0,1,1,1,1,1,1.70989990234375,2.0,0.6524471640586853,-1.20318603515625,0.0,-0.23042087256908417,-1.388580322265625,2.0,-0.839972734451294,-0.44354248046875,2.0,-0.4451965093612671,-2.4389495849609375,0.0,-2.0334086418151855
95,95,0,0,0,0,1,1,1,1,1,2.2480926513671875,2.0,0.6524471640586853,-1.470794677734375,0.0,-0.23042087256908417,-1.2799224853515625,0.0,-0.8295820355415344,-1.01568603515625,0.0,-0.4048384130001068,-2.092987060546875,0.0,-2.0334086418151855
96,96,1,1,0,0,1,0,0,0,0,-0.97027587890625,2.0,0.6524471640586853,1.137420654296875,0.0,-0.23042087256908417,-0.66558837890625,2.0,-0.839972734451294,0.018402099609375,0.0,-0.4048384130001068,-1.784698486328125,2.0,-2.037160873413086
97,97,0,0,2,0,1,0,1,0,1,2.0977020263671875,0.0,0.8005033135414124,-1.0704498291015625,0.0,-0.23042087256908417,-1.5754852294921875,2.0,-0.839972734451294,-0.8380126953125,2.0,-0.4451965093612671,-1.6344146728515625,0.0,-2.0334086418151855
98,98,0,0,0,0,1,1,1,1,1,2.13580322265625,2.0,0.6524471640586853,-1.3426666259765625,2.0,-0.41130003333091736,-1.5418701171875,0.0,-0.8295820355415344,-0.789794921875,2.0,-0.4451965093612671,-2.076812744140625,2.0,-2.037160873413086
99,99,0,0,0,0,1,1,1,1,1,0.540496826171875,2.0,0.6524471640586853,-0.1250152587890625,2.0,-0.41130003333091736,-0.995758056640625,0.0,-0.8295820355415344,-0.5496978759765625,2.0,-0.4451965093612671,-1.68994140625,2.0,-2.037160873413086
