index,label,pred,correct
0,0,2,0
1,1,0,0
2,0,2,0
3,0,0,1
4,0,0,1
5,1,1,1
6,1,2,0
7,0,0,1
8,0,1,0
9,0,0,1
10,1,0,0
11,1,0,0
12,0,2,0
13,1,0,0
14,0,0,1
15,2,0,0
16,0,0,1
17,3,2,0
18,0,0,1
19,0,1,0
20,0,0,1
21,0,2,0
22,0,0,1
23,1,1,1
24,0,2,0
25,0,1,0
26,1,0,0
27,1,0,0
28,3,0,0
29,1,1,1
30,0,4,0
31,1,2,0
32,0,1,0
33,0,1,0
34,0,1,0
35,0,3,0
36,1,0,0
37,0,0,1
38,1,4,0
39,0,1,0
40,1,0,0
41,0,2,0
42,1,0,0
43,0,0,1
44,0,1,0
45,0,2,0
46,0,2,0
47,1,2,0
48,0,2,0
49,0,0,1
50,0,0,1
51,0,0,1
52,1,3,0
53,1,1,1
54,0,0,1
55,0,1,0
56,1,3,0
57,0,3,0
58,1,0,0
59,1,0,0
60,0,0,1
61,0,0,1
62,0,0,1
63,1,0,0
64,3,0,0
65,0,0,1
66,1,0,0
67,0,2,0
68,1,2,0
69,0,2,0
70,1,0,0
71,1,0,0
72,1,4,0
73,3,3,1
74,1,1,1
75,0,0,1
76,0,1,0
77,0,0,1
78,0,1,0
79,0,1,0
80,0,0,1
81,0,1,0
82,1,0,0
83,1,4,0
84,1,1,1
85,0,2,0
86,1,1,1
87,1,3,0
88,0,0,1
89,0,0,1
90,0,1,0
91,0,0,1
92,1,0,0
93,2,0,0
94,0,0,1
95,0,0,1
96,1,0,0
97,0,2,0
98,0,0,1
99,0,0,1
